ID,Name,Price,ImageURL,ProductType,DateTime,EventID,Supplier,ProductURL,AffiliateLink
B07TVF6TDY,"Mens Shoulder Bag, Genuine Leather Messenger Handbag Crossbody Bag for Men Purse iPad Bag for Business Office Work School with Adjustable Strap Black",32.99,https://m.media-amazon.com/images/I/81oN+WzcKRL._AC_UL320_.jpg,accessories,2024-09-21 19:09:49.077187,27ba3c50-a2a1-4970-95c7-434c382c9eb5,Amazon,https://www.amazon.co.uk/YumSur-Shoulder-Messenger-Crossbody-Adjustable/dp/B07TVF6TDY/ref=sr_1_1?dib=eyJ2IjoiMSJ9.3KnwUx65P-P71nXEPPLUQVXXdhKRAJe97_1qkP_oIhxUZ6srW_w9ooGyS9JKYqNRO07sqKlOw8ne9L2d-L0AySH3KDqog9GxtV2zqmpOZqpGWirvGtP_xIjJhlUIzYFSvT7DTaJPdMH1bEaQeGBmvSn-0ROHe6Ks3heJc0RtK4FDxS4ljVUOgD7RMpwYM70gAoUQXqCLPzTeU0A7UWdi8DU_HrDSx3YfWAZPfw3ABXxt-C1xPl8esFnt8JTFWfZlG37IVQtbyu_SZnrz6BlPyTWJ7KW9BRqw9ncOI6iS6gY.pLc-flnJiproyePYF4fR7xBjKkk8_7shd0ecVlAN3ME&dib_tag=se&keywords=mens+black+genuine+leather+bag&qid=1726942191&sr=8-1,https://amzn.to/3MV0420
B0D4V57JKB,Genuine Leather Duffel | Men's Genuine Leather Travel Bags | Travel Overnight Weekend Leather Bag | Sports Gym Duffel for Men (Black),89.99,https://m.media-amazon.com/images/I/61OEnBpY0FL._AC_UL320_.jpg,accessories,2024-09-21 19:09:49.077187,27ba3c50-a2a1-4970-95c7-434c382c9eb5,Amazon,https://www.amazon.co.uk/Genuine-Leather-Duffel-Overnight-Weekend/dp/B0D4V57JKB/ref=sr_1_4?dib=eyJ2IjoiMSJ9.3KnwUx65P-P71nXEPPLUQVXXdhKRAJe97_1qkP_oIhxUZ6srW_w9ooGyS9JKYqNRO07sqKlOw8ne9L2d-L0AySH3KDqog9GxtV2zqmpOZqpGWirvGtP_xIjJhlUIzYFSvT7DTaJPdMH1bEaQeGBmvSn-0ROHe6Ks3heJc0RtK4FDxS4ljVUOgD7RMpwYM70gAoUQXqCLPzTeU0A7UWdi8DU_HrDSx3YfWAZPfw3ABXxt-C1xPl8esFnt8JTFWfZlG37IVQtbyu_SZnrz6BlPyTWJ7KW9BRqw9ncOI6iS6gY.pLc-flnJiproyePYF4fR7xBjKkk8_7shd0ecVlAN3ME&dib_tag=se&keywords=mens+black+genuine+leather+bag&qid=1726942191&sr=8-4,https://amzn.to/4dfxnHy
B099KS18V4,"Genuine Leather Shoulder Bag for Men, Portable Shoulder Bag Small Leather Bags Vintage Crossbody Top Handle Bag Casual Business Handbag for Hiking Travel Everyday Use Black",15.99,https://m.media-amazon.com/images/I/712pyWb-NgS._AC_UL320_.jpg,accessories,2024-09-21 19:09:49.077187,27ba3c50-a2a1-4970-95c7-434c382c9eb5,Amazon,https://www.amazon.co.uk/Shoulder-Portable-Crossbody-Business-Everyday/dp/B099KS18V4/ref=sr_1_5?dib=eyJ2IjoiMSJ9.3KnwUx65P-P71nXEPPLUQVXXdhKRAJe97_1qkP_oIhxUZ6srW_w9ooGyS9JKYqNRO07sqKlOw8ne9L2d-L0AySH3KDqog9GxtV2zqmpOZqpGWirvGtP_xIjJhlUIzYFSvT7DTaJPdMH1bEaQeGBmvSn-0ROHe6Ks3heJc0RtK4FDxS4ljVUOgD7RMpwYM70gAoUQXqCLPzTeU0A7UWdi8DU_HrDSx3YfWAZPfw3ABXxt-C1xPl8esFnt8JTFWfZlG37IVQtbyu_SZnrz6BlPyTWJ7KW9BRqw9ncOI6iS6gY.pLc-flnJiproyePYF4fR7xBjKkk8_7shd0ecVlAN3ME&dib_tag=se&keywords=mens+black+genuine+leather+bag&qid=1726942191&sr=8-5,https://amzn.to/3MVp7lG
B09SGND3RY,Men's Genuine Leather Travel Bags Away Weekender Weekend Duffels Black Brown for Gym and Travel Leather Holdall Bag for Men Women Ronatelli (Black),99.99,https://m.media-amazon.com/images/I/61fZUb6id2L._AC_UL320_.jpg,accessories,2024-09-21 19:09:49.077187,27ba3c50-a2a1-4970-95c7-434c382c9eb5,Amazon,https://www.amazon.co.uk/Ronatelli-Genuine-Leather-Weekender-Weekend/dp/B09SGND3RY/ref=sr_1_11?dib=eyJ2IjoiMSJ9.3KnwUx65P-P71nXEPPLUQVXXdhKRAJe97_1qkP_oIhxUZ6srW_w9ooGyS9JKYqNRO07sqKlOw8ne9L2d-L0AySH3KDqog9GxtV2zqmpOZqpGWirvGtP_xIjJhlUIzYFSvT7DTaJPdMH1bEaQeGBmvSn-0ROHe6Ks3heJc0RtK4FDxS4ljVUOgD7RMpwYM70gAoUQXqCLPzTeU0A7UWdi8DU_HrDSx3YfWAZPfw3ABXxt-C1xPl8esFnt8JTFWfZlG37IVQtbyu_SZnrz6BlPyTWJ7KW9BRqw9ncOI6iS6gY.pLc-flnJiproyePYF4fR7xBjKkk8_7shd0ecVlAN3ME&dib_tag=se&keywords=mens+black+genuine+leather+bag&qid=1726942191&sr=8-11,https://amzn.to/3zicVZ1
B0CP6XKW1S,"Genuine Leather Shoulder Bag,Simple Lightweight Large Capacity Cross-Body Bag for Man Travel Work Party (Black)",31.99,https://m.media-amazon.com/images/I/81iFQjTocgL._AC_UL320_.jpg,accessories,2024-09-21 19:09:49.077187,27ba3c50-a2a1-4970-95c7-434c382c9eb5,Amazon,https://www.amazon.co.uk/molshine-Shoulder-Lightweight-Capacity-Cross-Body/dp/B0CP6XKW1S/ref=sr_1_12?dib=eyJ2IjoiMSJ9.3KnwUx65P-P71nXEPPLUQVXXdhKRAJe97_1qkP_oIhxUZ6srW_w9ooGyS9JKYqNRO07sqKlOw8ne9L2d-L0AySH3KDqog9GxtV2zqmpOZqpGWirvGtP_xIjJhlUIzYFSvT7DTaJPdMH1bEaQeGBmvSn-0ROHe6Ks3heJc0RtK4FDxS4ljVUOgD7RMpwYM70gAoUQXqCLPzTeU0A7UWdi8DU_HrDSx3YfWAZPfw3ABXxt-C1xPl8esFnt8JTFWfZlG37IVQtbyu_SZnrz6BlPyTWJ7KW9BRqw9ncOI6iS6gY.pLc-flnJiproyePYF4fR7xBjKkk8_7shd0ecVlAN3ME&dib_tag=se&keywords=mens+black+genuine+leather+bag&qid=1726942191&sr=8-12,https://amzn.to/3MVS4Oe
B08LNPW7ZZ,18 Inch Black Leather Laptop Bag For Men Leather Messenger Bag For Men – Soft Genuine Leather Briefcases For Men W/Padded Laptop Case Leather Computer Bag For Men,89.99,https://m.media-amazon.com/images/I/816-4t7BrLL._AC_UL320_.jpg,accessories,2024-09-21 19:09:49.077187,27ba3c50-a2a1-4970-95c7-434c382c9eb5,Amazon,https://www.amazon.co.uk/Inch-Leather-Laptop-Messenger-Black/dp/B08LNPW7ZZ/ref=sr_1_13?dib=eyJ2IjoiMSJ9.3KnwUx65P-P71nXEPPLUQVXXdhKRAJe97_1qkP_oIhxUZ6srW_w9ooGyS9JKYqNRO07sqKlOw8ne9L2d-L0AySH3KDqog9GxtV2zqmpOZqpGWirvGtP_xIjJhlUIzYFSvT7DTaJPdMH1bEaQeGBmvSn-0ROHe6Ks3heJc0RtK4FDxS4ljVUOgD7RMpwYM70gAoUQXqCLPzTeU0A7UWdi8DU_HrDSx3YfWAZPfw3ABXxt-C1xPl8esFnt8JTFWfZlG37IVQtbyu_SZnrz6BlPyTWJ7KW9BRqw9ncOI6iS6gY.pLc-flnJiproyePYF4fR7xBjKkk8_7shd0ecVlAN3ME&dib_tag=se&keywords=mens+black+genuine+leather+bag&qid=1726942191&sr=8-13,https://amzn.to/4euo9IG
B0D3B5V28T,"Mens Genuine Leather Crossbody Bag, Crossbody Bag Side Bag, Shoulder Bag for Men, Small Messenger Bag for Phone Passport., Black",14.99,https://m.media-amazon.com/images/I/61CGcOW7DAL._AC_UL320_.jpg,accessories,2024-09-21 19:09:49.077187,27ba3c50-a2a1-4970-95c7-434c382c9eb5,Amazon,https://www.amazon.co.uk/LYGA-Crossbody-Shoulder-Messenger-Passport/dp/B0D3B5V28T/ref=sr_1_14?dib=eyJ2IjoiMSJ9.3KnwUx65P-P71nXEPPLUQVXXdhKRAJe97_1qkP_oIhxUZ6srW_w9ooGyS9JKYqNRO07sqKlOw8ne9L2d-L0AySH3KDqog9GxtV2zqmpOZqpGWirvGtP_xIjJhlUIzYFSvT7DTaJPdMH1bEaQeGBmvSn-0ROHe6Ks3heJc0RtK4FDxS4ljVUOgD7RMpwYM70gAoUQXqCLPzTeU0A7UWdi8DU_HrDSx3YfWAZPfw3ABXxt-C1xPl8esFnt8JTFWfZlG37IVQtbyu_SZnrz6BlPyTWJ7KW9BRqw9ncOI6iS6gY.pLc-flnJiproyePYF4fR7xBjKkk8_7shd0ecVlAN3ME&dib_tag=se&keywords=mens+black+genuine+leather+bag&qid=1726942191&sr=8-14,https://amzn.to/3zuZuF4
B08GCTBCML,"Ryan' Crossbody Bag Men's Leather Small Men Shoulder Bag Vintage Leather Case for iPad 9.7 Inch iPad Messenger Bags Genuine Leather, Colour:Black",69.90,https://m.media-amazon.com/images/I/81VC7pmP-jL._AC_UL320_.jpg,accessories,2024-09-21 19:09:49.077187,27ba3c50-a2a1-4970-95c7-434c382c9eb5,Amazon,https://www.amazon.co.uk/STILORD-Crossbody-Leather-Shoulder-Messenger/dp/B08GCTBCML/ref=sr_1_21?dib=eyJ2IjoiMSJ9.3KnwUx65P-P71nXEPPLUQVXXdhKRAJe97_1qkP_oIhxUZ6srW_w9ooGyS9JKYqNRO07sqKlOw8ne9L2d-L0AySH3KDqog9GxtV2zqmpOZqpGWirvGtP_xIjJhlUIzYFSvT7DTaJPdMH1bEaQeGBmvSn-0ROHe6Ks3heJc0RtK4FDxS4ljVUOgD7RMpwYM70gAoUQXqCLPzTeU0A7UWdi8DU_HrDSx3YfWAZPfw3ABXxt-C1xPl8esFnt8JTFWfZlG37IVQtbyu_SZnrz6BlPyTWJ7KW9BRqw9ncOI6iS6gY.pLc-flnJiproyePYF4fR7xBjKkk8_7shd0ecVlAN3ME&dib_tag=se&keywords=mens+black+genuine+leather+bag&qid=1726942191&sr=8-21,https://amzn.to/4esMdLY
B0B1MG44CQ,Genuine Leather Mens Wash Bag Toiletry Travel Wash Bag Shaving Bag Bathroom Gym Makeup Organizer Gift for Men & Women (One Zipper Black),13.99,https://m.media-amazon.com/images/I/71xHJIuNpUL._AC_UL320_.jpg,accessories,2024-09-21 19:09:49.077187,27ba3c50-a2a1-4970-95c7-434c382c9eb5,Amazon,https://www.amazon.co.uk/Genuine-Leather-Toiletry-Bathroom-Organizer/dp/B0B1MG44CQ/ref=sr_1_23?dib=eyJ2IjoiMSJ9.3KnwUx65P-P71nXEPPLUQVXXdhKRAJe97_1qkP_oIhxUZ6srW_w9ooGyS9JKYqNRO07sqKlOw8ne9L2d-L0AySH3KDqog9GxtV2zqmpOZqpGWirvGtP_xIjJhlUIzYFSvT7DTaJPdMH1bEaQeGBmvSn-0ROHe6Ks3heJc0RtK4FDxS4ljVUOgD7RMpwYM70gAoUQXqCLPzTeU0A7UWdi8DU_HrDSx3YfWAZPfw3ABXxt-C1xPl8esFnt8JTFWfZlG37IVQtbyu_SZnrz6BlPyTWJ7KW9BRqw9ncOI6iS6gY.pLc-flnJiproyePYF4fR7xBjKkk8_7shd0ecVlAN3ME&dib_tag=se&keywords=mens+black+genuine+leather+bag&qid=1726942191&sr=8-23,https://amzn.to/4erEH4F
B00OWBULUC,Mens Large Genuine Leather Travel Overnight Wash Gym Toiletry Shaving Bag 3520 Black,18.49,https://m.media-amazon.com/images/I/810y2W+U4wL._AC_UL320_.jpg,accessories,2024-09-21 19:09:49.077187,27ba3c50-a2a1-4970-95c7-434c382c9eb5,Amazon,https://www.amazon.co.uk/RAS-WALLETS-Overnight-Toiletry-3520/dp/B00OWBULUC/ref=sr_1_30?dib=eyJ2IjoiMSJ9.3KnwUx65P-P71nXEPPLUQVXXdhKRAJe97_1qkP_oIhxUZ6srW_w9ooGyS9JKYqNRO07sqKlOw8ne9L2d-L0AySH3KDqog9GxtV2zqmpOZqpGWirvGtP_xIjJhlUIzYFSvT7DTaJPdMH1bEaQeGBmvSn-0ROHe6Ks3heJc0RtK4FDxS4ljVUOgD7RMpwYM70gAoUQXqCLPzTeU0A7UWdi8DU_HrDSx3YfWAZPfw3ABXxt-C1xPl8esFnt8JTFWfZlG37IVQtbyu_SZnrz6BlPyTWJ7KW9BRqw9ncOI6iS6gY.pLc-flnJiproyePYF4fR7xBjKkk8_7shd0ecVlAN3ME&dib_tag=se&keywords=mens+black+genuine+leather+bag&qid=1726942191&sr=8-30,https://amzn.to/4ezVT7F
B09NB638HB,"Jumbo - Toilet Bag Extra Large, Genuine Real Leather Mens WASH Bag/Overnight Bag (Black)",18.90,https://m.media-amazon.com/images/I/81aP9rAq8gL._AC_UL320_.jpg,accessories,2024-09-21 19:09:49.077187,27ba3c50-a2a1-4970-95c7-434c382c9eb5,Amazon,https://www.amazon.co.uk/Jumbo-Toilet-Genuine-Leather-Overnight/dp/B09NB638HB/ref=sr_1_32?dib=eyJ2IjoiMSJ9.3KnwUx65P-P71nXEPPLUQVXXdhKRAJe97_1qkP_oIhxUZ6srW_w9ooGyS9JKYqNRO07sqKlOw8ne9L2d-L0AySH3KDqog9GxtV2zqmpOZqpGWirvGtP_xIjJhlUIzYFSvT7DTaJPdMH1bEaQeGBmvSn-0ROHe6Ks3heJc0RtK4FDxS4ljVUOgD7RMpwYM70gAoUQXqCLPzTeU0A7UWdi8DU_HrDSx3YfWAZPfw3ABXxt-C1xPl8esFnt8JTFWfZlG37IVQtbyu_SZnrz6BlPyTWJ7KW9BRqw9ncOI6iS6gY.pLc-flnJiproyePYF4fR7xBjKkk8_7shd0ecVlAN3ME&dib_tag=se&keywords=mens+black+genuine+leather+bag&qid=1726942191&sr=8-32,https://amzn.to/4eAptdf
B00OEYOZOA,Mens Genuine Leather Travel Overnight Wash Gym Toiletry Shaving Bag 3510 Black,14.99,https://m.media-amazon.com/images/I/61i2RJZ6UZL._AC_UL320_.jpg,accessories,2024-09-21 19:09:49.077187,27ba3c50-a2a1-4970-95c7-434c382c9eb5,Amazon,https://www.amazon.co.uk/RAS-WALLETS-Overnight-Toiletry-3510/dp/B00OEYOZOA/ref=sr_1_39?dib=eyJ2IjoiMSJ9.3KnwUx65P-P71nXEPPLUQVXXdhKRAJe97_1qkP_oIhxUZ6srW_w9ooGyS9JKYqNRO07sqKlOw8ne9L2d-L0AySH3KDqog9GxtV2zqmpOZqpGWirvGtP_xIjJhlUIzYFSvT7DTaJPdMH1bEaQeGBmvSn-0ROHe6Ks3heJc0RtK4FDxS4ljVUOgD7RMpwYM70gAoUQXqCLPzTeU0A7UWdi8DU_HrDSx3YfWAZPfw3ABXxt-C1xPl8esFnt8JTFWfZlG37IVQtbyu_SZnrz6BlPyTWJ7KW9BRqw9ncOI6iS6gY.pLc-flnJiproyePYF4fR7xBjKkk8_7shd0ecVlAN3ME&dib_tag=se&keywords=mens+black+genuine+leather+bag&qid=1726942191&sr=8-39,https://amzn.to/4expjmU
B0BHZYF1J1,Travel Genuine Leather Chest Bag Daypack Men Women Holidays Sport Outdoor Shoulder Sling Zipper Pack Crossbody Hiking Bags Art-595 (Black),20.00,https://m.media-amazon.com/images/I/814gy6V66UL._AC_UL320_.jpg,accessories,2024-09-21 19:09:49.077187,27ba3c50-a2a1-4970-95c7-434c382c9eb5,Amazon,https://www.amazon.co.uk/RAS-WALLETS-Holidays-Shoulder-Crossbody/dp/B0BHZYF1J1/ref=sr_1_44?dib=eyJ2IjoiMSJ9.3KnwUx65P-P71nXEPPLUQVXXdhKRAJe97_1qkP_oIhxUZ6srW_w9ooGyS9JKYqNRO07sqKlOw8ne9L2d-L0AySH3KDqog9GxtV2zqmpOZqpGWirvGtP_xIjJhlUIzYFSvT7DTaJPdMH1bEaQeGBmvSn-0ROHe6Ks3heJc0RtK4FDxS4ljVUOgD7RMpwYM70gAoUQXqCLPzTeU0A7UWdi8DU_HrDSx3YfWAZPfw3ABXxt-C1xPl8esFnt8JTFWfZlG37IVQtbyu_SZnrz6BlPyTWJ7KW9BRqw9ncOI6iS6gY.pLc-flnJiproyePYF4fR7xBjKkk8_7shd0ecVlAN3ME&dib_tag=se&keywords=mens+black+genuine+leather+bag&qid=1726942191&sr=8-44,https://amzn.to/4enLEDg
B0B69DBX6Y,"Genuine Leather Bum Bag, Waterproof Belt Bag and Bumbags for Women and Men Waist Bag as Travel Holiday Money Belt, Dog Walking Fashion Bum Bag and Running Fanny Pack (Black 2)",12.99,https://m.media-amazon.com/images/I/61rDWwaodgL._AC_UL320_.jpg,accessories,2024-09-21 19:09:49.077187,27ba3c50-a2a1-4970-95c7-434c382c9eb5,Amazon,https://www.amazon.co.uk/Woodland-Leathers-Genuine-Leather-Waterproof/dp/B0B69DBX6Y/ref=sr_1_49?dib=eyJ2IjoiMSJ9.-aJTMIdn1R7_IvuPN4YYKuNLZei4ZPvVk7JFdh9CPIOZV0u6g9CWOfzDoEqRKzAPJJYNO1uU-8-jILPQCMNxu514CLmbVNBp68RLO5j8IRZLiQwpSPej2ZzWuqK3ZLZAQJ61ke65X0q_TolcqK7G1cfGHznqSKZLn9wjIGsxtP955XeJDbYSGrotSZDCmn2Wq0tIGyzRfsu7_ADnfEJGp9LtgI7gIaW8Rg2i1qPLUHMPjSg0x0B-J0Cw4s6OXT9sKDROw7MBvVK9Sddt4x8lLaSRBMFAS3tMu8XfbetvPCk.sKOZbEDGiBbxq9qkxyCXqQhRUNeKUgdHCQj0wQYfwOo&dib_tag=se&keywords=mens+black+genuine+leather+bag&qid=1726942197&sr=8-49,https://amzn.to/4expmiA
B00TPTVLDM,Leather Toiletry Bag - Toiletries Wash Bag - Soft Black Genuine Leather - Great Travel Gym Shower Bags - Unisex Men's or Ladies - 2 Zipped Compartments - Hang Up Carry Handle - Roamlite RL215,24.97,https://m.media-amazon.com/images/I/81m5Nbp-T0S._AC_UL320_.jpg,accessories,2024-09-21 19:09:49.077187,27ba3c50-a2a1-4970-95c7-434c382c9eb5,Amazon,https://www.amazon.co.uk/Leather-Toiletry-Bag-Toiletries-Compartments/dp/B00TPTVLDM/ref=sr_1_52?dib=eyJ2IjoiMSJ9.-aJTMIdn1R7_IvuPN4YYKuNLZei4ZPvVk7JFdh9CPIOZV0u6g9CWOfzDoEqRKzAPJJYNO1uU-8-jILPQCMNxu514CLmbVNBp68RLO5j8IRZLiQwpSPej2ZzWuqK3ZLZAQJ61ke65X0q_TolcqK7G1cfGHznqSKZLn9wjIGsxtP955XeJDbYSGrotSZDCmn2Wq0tIGyzRfsu7_ADnfEJGp9LtgI7gIaW8Rg2i1qPLUHMPjSg0x0B-J0Cw4s6OXT9sKDROw7MBvVK9Sddt4x8lLaSRBMFAS3tMu8XfbetvPCk.sKOZbEDGiBbxq9qkxyCXqQhRUNeKUgdHCQj0wQYfwOo&dib_tag=se&keywords=mens+black+genuine+leather+bag&qid=1726942197&sr=8-52,https://amzn.to/4gBjYfW
B08M97VNBF,"Watson' Laptop Backpack 15.6 inch Leather Daypack Large Vintage Rucksack Bag Business Backpack Office Bags XL in Genuine Leather, Colour:Obsidian Black",104.90,https://m.media-amazon.com/images/I/718NZxv97eL._AC_UL320_.jpg,accessories,2024-09-21 19:09:49.077187,27ba3c50-a2a1-4970-95c7-434c382c9eb5,Amazon,https://www.amazon.co.uk/STILORD-Backpack-Leather-Rucksack-Business/dp/B08M97VNBF/ref=sr_1_54?dib=eyJ2IjoiMSJ9.-aJTMIdn1R7_IvuPN4YYKuNLZei4ZPvVk7JFdh9CPIOZV0u6g9CWOfzDoEqRKzAPJJYNO1uU-8-jILPQCMNxu514CLmbVNBp68RLO5j8IRZLiQwpSPej2ZzWuqK3ZLZAQJ61ke65X0q_TolcqK7G1cfGHznqSKZLn9wjIGsxtP955XeJDbYSGrotSZDCmn2Wq0tIGyzRfsu7_ADnfEJGp9LtgI7gIaW8Rg2i1qPLUHMPjSg0x0B-J0Cw4s6OXT9sKDROw7MBvVK9Sddt4x8lLaSRBMFAS3tMu8XfbetvPCk.sKOZbEDGiBbxq9qkxyCXqQhRUNeKUgdHCQj0wQYfwOo&dib_tag=se&keywords=mens+black+genuine+leather+bag&qid=1726942197&sr=8-54,https://amzn.to/4gxOVSa
B0CGF88QGR,BML Elegant Black Genuine Leather Coin Pouch Purse | Soft Unisex PU Leather Coin Purse Snap Wallet Money Change Key Bag Holder for Men and Women,2.40,https://m.media-amazon.com/images/I/41266M99ADL._AC_UL320_.jpg,accessories,2024-09-21 19:09:49.077187,27ba3c50-a2a1-4970-95c7-434c382c9eb5,Amazon,https://www.amazon.co.uk/Elegant-Genuine-Leather-Unisex-Wallet/dp/B0CGF88QGR/ref=sr_1_60?dib=eyJ2IjoiMSJ9.-aJTMIdn1R7_IvuPN4YYKuNLZei4ZPvVk7JFdh9CPIOZV0u6g9CWOfzDoEqRKzAPJJYNO1uU-8-jILPQCMNxu514CLmbVNBp68RLO5j8IRZLiQwpSPej2ZzWuqK3ZLZAQJ61ke65X0q_TolcqK7G1cfGHznqSKZLn9wjIGsxtP955XeJDbYSGrotSZDCmn2Wq0tIGyzRfsu7_ADnfEJGp9LtgI7gIaW8Rg2i1qPLUHMPjSg0x0B-J0Cw4s6OXT9sKDROw7MBvVK9Sddt4x8lLaSRBMFAS3tMu8XfbetvPCk.sKOZbEDGiBbxq9qkxyCXqQhRUNeKUgdHCQj0wQYfwOo&dib_tag=se&keywords=mens+black+genuine+leather+bag&qid=1726942197&sr=8-60,https://amzn.to/4gurl8V
B08BS2BRKL,"Johnson' Leather Backpack Men Business Vintage Backpacks for 13,3 inch MacBook Laptop Bag Modern Daypack for Work Office Genuine Leather, Colour:Black",104.90,https://m.media-amazon.com/images/I/71KwirKMU9L._AC_UL320_.jpg,accessories,2024-09-21 19:09:49.077187,27ba3c50-a2a1-4970-95c7-434c382c9eb5,Amazon,https://www.amazon.co.uk/STILORD-Johnson-Backpack-Business-Backpacks/dp/B08BS2BRKL/ref=sr_1_63?dib=eyJ2IjoiMSJ9.-aJTMIdn1R7_IvuPN4YYKuNLZei4ZPvVk7JFdh9CPIOZV0u6g9CWOfzDoEqRKzAPJJYNO1uU-8-jILPQCMNxu514CLmbVNBp68RLO5j8IRZLiQwpSPej2ZzWuqK3ZLZAQJ61ke65X0q_TolcqK7G1cfGHznqSKZLn9wjIGsxtP955XeJDbYSGrotSZDCmn2Wq0tIGyzRfsu7_ADnfEJGp9LtgI7gIaW8Rg2i1qPLUHMPjSg0x0B-J0Cw4s6OXT9sKDROw7MBvVK9Sddt4x8lLaSRBMFAS3tMu8XfbetvPCk.sKOZbEDGiBbxq9qkxyCXqQhRUNeKUgdHCQj0wQYfwOo&dib_tag=se&keywords=mens+black+genuine+leather+bag&qid=1726942197&sr=8-63,https://amzn.to/4grc60u
B06Y61JPKB,"Rion' Classic Leather Briefcase Small Portfolio Men & Women Classic Design Satchel Business Work Bag for Men and Women Genuine Leather, Colour:Black",129.90,https://m.media-amazon.com/images/I/81MW9BHr2RL._AC_UL320_.jpg,accessories,2024-09-21 19:09:49.077187,27ba3c50-a2a1-4970-95c7-434c382c9eb5,Amazon,https://www.amazon.co.uk/STILORD-Classic-Briefcase-Portfolio-Business/dp/B06Y61JPKB/ref=sr_1_66?dib=eyJ2IjoiMSJ9.-aJTMIdn1R7_IvuPN4YYKuNLZei4ZPvVk7JFdh9CPIOZV0u6g9CWOfzDoEqRKzAPJJYNO1uU-8-jILPQCMNxu514CLmbVNBp68RLO5j8IRZLiQwpSPej2ZzWuqK3ZLZAQJ61ke65X0q_TolcqK7G1cfGHznqSKZLn9wjIGsxtP955XeJDbYSGrotSZDCmn2Wq0tIGyzRfsu7_ADnfEJGp9LtgI7gIaW8Rg2i1qPLUHMPjSg0x0B-J0Cw4s6OXT9sKDROw7MBvVK9Sddt4x8lLaSRBMFAS3tMu8XfbetvPCk.sKOZbEDGiBbxq9qkxyCXqQhRUNeKUgdHCQj0wQYfwOo&dib_tag=se&keywords=mens+black+genuine+leather+bag&qid=1726942197&sr=8-66,https://amzn.to/3ZylB85
B0D53LV9JZ,"Leather Fanny Pack for Men Women-Genuine Waist Bag for Daily Hiking Travel Running Hip Bum Belt Pack Purse Wallet Cell Phone Pouch, 1030 Black",26.99,https://m.media-amazon.com/images/I/71vzCJ6PI0L._AC_UL320_.jpg,accessories,2024-09-21 19:09:49.077187,27ba3c50-a2a1-4970-95c7-434c382c9eb5,Amazon,https://www.amazon.co.uk/Leather-Women-Genuine-Hiking-Travel-Running/dp/B0D53LV9JZ/ref=sr_1_67?dib=eyJ2IjoiMSJ9.-aJTMIdn1R7_IvuPN4YYKuNLZei4ZPvVk7JFdh9CPIOZV0u6g9CWOfzDoEqRKzAPJJYNO1uU-8-jILPQCMNxu514CLmbVNBp68RLO5j8IRZLiQwpSPej2ZzWuqK3ZLZAQJ61ke65X0q_TolcqK7G1cfGHznqSKZLn9wjIGsxtP955XeJDbYSGrotSZDCmn2Wq0tIGyzRfsu7_ADnfEJGp9LtgI7gIaW8Rg2i1qPLUHMPjSg0x0B-J0Cw4s6OXT9sKDROw7MBvVK9Sddt4x8lLaSRBMFAS3tMu8XfbetvPCk.sKOZbEDGiBbxq9qkxyCXqQhRUNeKUgdHCQj0wQYfwOo&dib_tag=se&keywords=mens+black+genuine+leather+bag&qid=1726942197&sr=8-67,https://amzn.to/3ZzFSdw
B09H37YSRV,"Jayden' Business Backpack Men Leather Large Vintage with Laptop Compartment 15 inch DIN A4 Daypack Genuine Leather, Colour:Black",139.90,https://m.media-amazon.com/images/I/81V4RjIu0kL._AC_UL320_.jpg,accessories,2024-09-21 19:09:49.077187,27ba3c50-a2a1-4970-95c7-434c382c9eb5,Amazon,https://www.amazon.co.uk/STILORD-Business-Backpack-Leather-Compartment/dp/B09H37YSRV/ref=sr_1_68?dib=eyJ2IjoiMSJ9.-aJTMIdn1R7_IvuPN4YYKuNLZei4ZPvVk7JFdh9CPIOZV0u6g9CWOfzDoEqRKzAPJJYNO1uU-8-jILPQCMNxu514CLmbVNBp68RLO5j8IRZLiQwpSPej2ZzWuqK3ZLZAQJ61ke65X0q_TolcqK7G1cfGHznqSKZLn9wjIGsxtP955XeJDbYSGrotSZDCmn2Wq0tIGyzRfsu7_ADnfEJGp9LtgI7gIaW8Rg2i1qPLUHMPjSg0x0B-J0Cw4s6OXT9sKDROw7MBvVK9Sddt4x8lLaSRBMFAS3tMu8XfbetvPCk.sKOZbEDGiBbxq9qkxyCXqQhRUNeKUgdHCQj0wQYfwOo&dib_tag=se&keywords=mens+black+genuine+leather+bag&qid=1726942197&sr=8-68,https://amzn.to/3Zsj0N4
B0CXT34HQ3,Sling Bag Crossbody Shoulder Bag Genuine Leather Small Backpack for Men Personal Flex Bag Chest Pack Everyday Carry Bag for Tactical Travel Work Outdoor Large Capacity Chest Bag Black,35.99,https://m.media-amazon.com/images/I/61NW8YJ5QEL._AC_UL320_.jpg,accessories,2024-09-21 19:09:49.077187,27ba3c50-a2a1-4970-95c7-434c382c9eb5,Amazon,https://www.amazon.co.uk/FANDARE-Crossbody-Shoulder-Backpack-Personal/dp/B0CXT34HQ3/ref=sr_1_72?dib=eyJ2IjoiMSJ9.-aJTMIdn1R7_IvuPN4YYKuNLZei4ZPvVk7JFdh9CPIOZV0u6g9CWOfzDoEqRKzAPJJYNO1uU-8-jILPQCMNxu514CLmbVNBp68RLO5j8IRZLiQwpSPej2ZzWuqK3ZLZAQJ61ke65X0q_TolcqK7G1cfGHznqSKZLn9wjIGsxtP955XeJDbYSGrotSZDCmn2Wq0tIGyzRfsu7_ADnfEJGp9LtgI7gIaW8Rg2i1qPLUHMPjSg0x0B-J0Cw4s6OXT9sKDROw7MBvVK9Sddt4x8lLaSRBMFAS3tMu8XfbetvPCk.sKOZbEDGiBbxq9qkxyCXqQhRUNeKUgdHCQj0wQYfwOo&dib_tag=se&keywords=mens+black+genuine+leather+bag&qid=1726942197&sr=8-72,https://amzn.to/3zrJsf7
B0BSDPSGSN,Genuine Black Leather Crossbody Backpack Sling Chest Shoulder Travel Hiking Bag for Men Purse Handmade Daypack,73.99,https://m.media-amazon.com/images/I/81gDBt5KgAL._AC_UL320_.jpg,accessories,2024-09-21 19:09:49.077187,27ba3c50-a2a1-4970-95c7-434c382c9eb5,Amazon,https://www.amazon.co.uk/Handmade-World-Black-Crossbody-Backpack/dp/B0BSDPSGSN/ref=sr_1_73?dib=eyJ2IjoiMSJ9.-aJTMIdn1R7_IvuPN4YYKuNLZei4ZPvVk7JFdh9CPIOZV0u6g9CWOfzDoEqRKzAPJJYNO1uU-8-jILPQCMNxu514CLmbVNBp68RLO5j8IRZLiQwpSPej2ZzWuqK3ZLZAQJ61ke65X0q_TolcqK7G1cfGHznqSKZLn9wjIGsxtP955XeJDbYSGrotSZDCmn2Wq0tIGyzRfsu7_ADnfEJGp9LtgI7gIaW8Rg2i1qPLUHMPjSg0x0B-J0Cw4s6OXT9sKDROw7MBvVK9Sddt4x8lLaSRBMFAS3tMu8XfbetvPCk.sKOZbEDGiBbxq9qkxyCXqQhRUNeKUgdHCQj0wQYfwOo&dib_tag=se&keywords=mens+black+genuine+leather+bag&qid=1726942197&sr=8-73,https://amzn.to/47yY0WY
B08W26NP6Q,"Zurich Large Leather Wallet for Men - Black Nappa Genuine Leather - Bifold Purse with Coin Pocket, RFID Protection - Classic & Elegant Design - Ideal for Everyday, Business, Travel Use",26.99,https://m.media-amazon.com/images/I/7132jQRtAGL._AC_UL320_.jpg,accessories,2024-09-21 19:09:49.077187,27ba3c50-a2a1-4970-95c7-434c382c9eb5,Amazon,https://www.amazon.co.uk/DONBOLSO%C2%AE-Zurich-Classic-Leather-Protection/dp/B08W26NP6Q/ref=sr_1_77?dib=eyJ2IjoiMSJ9.-aJTMIdn1R7_IvuPN4YYKuNLZei4ZPvVk7JFdh9CPIOZV0u6g9CWOfzDoEqRKzAPJJYNO1uU-8-jILPQCMNxu514CLmbVNBp68RLO5j8IRZLiQwpSPej2ZzWuqK3ZLZAQJ61ke65X0q_TolcqK7G1cfGHznqSKZLn9wjIGsxtP955XeJDbYSGrotSZDCmn2Wq0tIGyzRfsu7_ADnfEJGp9LtgI7gIaW8Rg2i1qPLUHMPjSg0x0B-J0Cw4s6OXT9sKDROw7MBvVK9Sddt4x8lLaSRBMFAS3tMu8XfbetvPCk.sKOZbEDGiBbxq9qkxyCXqQhRUNeKUgdHCQj0wQYfwOo&dib_tag=se&keywords=mens+black+genuine+leather+bag&qid=1726942197&sr=8-77,https://amzn.to/3zvmOm7
B0B8HXW9JW,Mens Womens Genuine Leather Hanging Travel Overnight Wash Gym Toiletry Shaving Cosmatic Case Bag 3540 (Black),15.99,https://m.media-amazon.com/images/I/71JymmpCRLL._AC_UL320_.jpg,accessories,2024-09-21 19:09:49.077187,27ba3c50-a2a1-4970-95c7-434c382c9eb5,Amazon,https://www.amazon.co.uk/RAS-WALLETS-Overnight-Toiletry-3540/dp/B0B8HXW9JW/ref=sr_1_78?dib=eyJ2IjoiMSJ9.-aJTMIdn1R7_IvuPN4YYKuNLZei4ZPvVk7JFdh9CPIOZV0u6g9CWOfzDoEqRKzAPJJYNO1uU-8-jILPQCMNxu514CLmbVNBp68RLO5j8IRZLiQwpSPej2ZzWuqK3ZLZAQJ61ke65X0q_TolcqK7G1cfGHznqSKZLn9wjIGsxtP955XeJDbYSGrotSZDCmn2Wq0tIGyzRfsu7_ADnfEJGp9LtgI7gIaW8Rg2i1qPLUHMPjSg0x0B-J0Cw4s6OXT9sKDROw7MBvVK9Sddt4x8lLaSRBMFAS3tMu8XfbetvPCk.sKOZbEDGiBbxq9qkxyCXqQhRUNeKUgdHCQj0wQYfwOo&dib_tag=se&keywords=mens+black+genuine+leather+bag&qid=1726942197&sr=8-78,https://amzn.to/47wxH3L
B00UVSFR1S,Mens Ladies Large Genuine Leather Travel Overnight Wash Gym Toiletry Cosmetic Shaving Bag with Carry Handle 3530 (Black),20.00,https://m.media-amazon.com/images/I/81HlczeYEoL._AC_UL320_.jpg,accessories,2024-09-21 19:09:49.077187,27ba3c50-a2a1-4970-95c7-434c382c9eb5,Amazon,https://www.amazon.co.uk/RAS-WALLETS-Overnight-Toiletry-3530/dp/B00UVSFR1S/ref=sr_1_79?dib=eyJ2IjoiMSJ9.-aJTMIdn1R7_IvuPN4YYKuNLZei4ZPvVk7JFdh9CPIOZV0u6g9CWOfzDoEqRKzAPJJYNO1uU-8-jILPQCMNxu514CLmbVNBp68RLO5j8IRZLiQwpSPej2ZzWuqK3ZLZAQJ61ke65X0q_TolcqK7G1cfGHznqSKZLn9wjIGsxtP955XeJDbYSGrotSZDCmn2Wq0tIGyzRfsu7_ADnfEJGp9LtgI7gIaW8Rg2i1qPLUHMPjSg0x0B-J0Cw4s6OXT9sKDROw7MBvVK9Sddt4x8lLaSRBMFAS3tMu8XfbetvPCk.sKOZbEDGiBbxq9qkxyCXqQhRUNeKUgdHCQj0wQYfwOo&dib_tag=se&keywords=mens+black+genuine+leather+bag&qid=1726942197&sr=8-79,https://amzn.to/3TC5cMc
B0CBCR3B15,"Larkin' Wrist Bag Men Leather Organiser Small Leather Bag Men's Bag XXL Travel Purse Men's Handbag Festival Bag in genuine Leather, Colour:black",59.90,https://m.media-amazon.com/images/I/815Ju-PmQ8L._AC_UL320_.jpg,accessories,2024-09-21 19:09:49.077187,27ba3c50-a2a1-4970-95c7-434c382c9eb5,Amazon,https://www.amazon.co.uk/STILORD-Leather-Organiser-Handbag-Festival/dp/B0CBCR3B15/ref=sr_1_81?dib=eyJ2IjoiMSJ9.-aJTMIdn1R7_IvuPN4YYKuNLZei4ZPvVk7JFdh9CPIOZV0u6g9CWOfzDoEqRKzAPJJYNO1uU-8-jILPQCMNxu514CLmbVNBp68RLO5j8IRZLiQwpSPej2ZzWuqK3ZLZAQJ61ke65X0q_TolcqK7G1cfGHznqSKZLn9wjIGsxtP955XeJDbYSGrotSZDCmn2Wq0tIGyzRfsu7_ADnfEJGp9LtgI7gIaW8Rg2i1qPLUHMPjSg0x0B-J0Cw4s6OXT9sKDROw7MBvVK9Sddt4x8lLaSRBMFAS3tMu8XfbetvPCk.sKOZbEDGiBbxq9qkxyCXqQhRUNeKUgdHCQj0wQYfwOo&dib_tag=se&keywords=mens+black+genuine+leather+bag&qid=1726942197&sr=8-81,https://amzn.to/3ztUUqI
B0B69G5RML,"Genuine Leather Bum Bag, Durable Waterproof Waist Bag for Men and Women, Ideal for Travel, Festivals, Dog Walking, Fashion Bum Bag and Running Fanny Pack (Black 3)",9.99,https://m.media-amazon.com/images/I/61m0smSACTL._AC_UL320_.jpg,accessories,2024-09-21 19:09:49.077187,27ba3c50-a2a1-4970-95c7-434c382c9eb5,Amazon,https://www.amazon.co.uk/Woodland-Leathers-Genuine-Leather-Waterproof/dp/B0B69G5RML/ref=sr_1_83?dib=eyJ2IjoiMSJ9.-aJTMIdn1R7_IvuPN4YYKuNLZei4ZPvVk7JFdh9CPIOZV0u6g9CWOfzDoEqRKzAPJJYNO1uU-8-jILPQCMNxu514CLmbVNBp68RLO5j8IRZLiQwpSPej2ZzWuqK3ZLZAQJ61ke65X0q_TolcqK7G1cfGHznqSKZLn9wjIGsxtP955XeJDbYSGrotSZDCmn2Wq0tIGyzRfsu7_ADnfEJGp9LtgI7gIaW8Rg2i1qPLUHMPjSg0x0B-J0Cw4s6OXT9sKDROw7MBvVK9Sddt4x8lLaSRBMFAS3tMu8XfbetvPCk.sKOZbEDGiBbxq9qkxyCXqQhRUNeKUgdHCQj0wQYfwOo&dib_tag=se&keywords=mens+black+genuine+leather+bag&qid=1726942197&sr=8-83,https://amzn.to/3zvjeZ7
B005EMHSIQ,Genuine Real Leather Mens Wash Bag / Gym Bag / Overnight Bag (Black),9.50,https://m.media-amazon.com/images/I/81wJcwqLS5L._AC_UL320_.jpg,accessories,2024-09-21 19:09:49.077187,27ba3c50-a2a1-4970-95c7-434c382c9eb5,Amazon,https://www.amazon.co.uk/Genuine-Real-Leather-Overnight-Black/dp/B005EMHSIQ/ref=sr_1_86?dib=eyJ2IjoiMSJ9.-aJTMIdn1R7_IvuPN4YYKuNLZei4ZPvVk7JFdh9CPIOZV0u6g9CWOfzDoEqRKzAPJJYNO1uU-8-jILPQCMNxu514CLmbVNBp68RLO5j8IRZLiQwpSPej2ZzWuqK3ZLZAQJ61ke65X0q_TolcqK7G1cfGHznqSKZLn9wjIGsxtP955XeJDbYSGrotSZDCmn2Wq0tIGyzRfsu7_ADnfEJGp9LtgI7gIaW8Rg2i1qPLUHMPjSg0x0B-J0Cw4s6OXT9sKDROw7MBvVK9Sddt4x8lLaSRBMFAS3tMu8XfbetvPCk.sKOZbEDGiBbxq9qkxyCXqQhRUNeKUgdHCQj0wQYfwOo&dib_tag=se&keywords=mens+black+genuine+leather+bag&qid=1726942197&sr=8-86,https://amzn.to/3XRbvxN
B07KT8CPN7,Deluxe Genuine Black Leather Mens Toiletry Wash bag 2 Zip compartments and side pocket,29.00,https://m.media-amazon.com/images/I/81QwyXZPW-L._AC_UL320_.jpg,accessories,2024-09-21 19:09:49.077187,27ba3c50-a2a1-4970-95c7-434c382c9eb5,Amazon,https://www.amazon.co.uk/Deluxe-Genuine-Black-Leather-Washbag/dp/B07KT8CPN7/ref=sr_1_92?dib=eyJ2IjoiMSJ9.-aJTMIdn1R7_IvuPN4YYKuNLZei4ZPvVk7JFdh9CPIOZV0u6g9CWOfzDoEqRKzAPJJYNO1uU-8-jILPQCMNxu514CLmbVNBp68RLO5j8IRZLiQwpSPej2ZzWuqK3ZLZAQJ61ke65X0q_TolcqK7G1cfGHznqSKZLn9wjIGsxtP955XeJDbYSGrotSZDCmn2Wq0tIGyzRfsu7_ADnfEJGp9LtgI7gIaW8Rg2i1qPLUHMPjSg0x0B-J0Cw4s6OXT9sKDROw7MBvVK9Sddt4x8lLaSRBMFAS3tMu8XfbetvPCk.sKOZbEDGiBbxq9qkxyCXqQhRUNeKUgdHCQj0wQYfwOo&dib_tag=se&keywords=mens+black+genuine+leather+bag&qid=1726942197&sr=8-92,https://amzn.to/3XQA3aa
B089XVHCXY,"Black Leather Fanny Pack for Men Women Genuine Leather Waist Bag Crossbody Belt Bag with Adjustable Strap for Walking Hiking Cycling, A810#Black, One Size, Fashion",35.06,https://m.media-amazon.com/images/I/81Yb5Ez-b5L._AC_UL320_.jpg,accessories,2024-09-21 19:09:49.077187,27ba3c50-a2a1-4970-95c7-434c382c9eb5,Amazon,https://www.amazon.co.uk/OrrinSports-Leather-Sports-Running-Travel-Black/dp/B089XVHCXY/ref=sr_1_96?dib=eyJ2IjoiMSJ9.-aJTMIdn1R7_IvuPN4YYKuNLZei4ZPvVk7JFdh9CPIOZV0u6g9CWOfzDoEqRKzAPJJYNO1uU-8-jILPQCMNxu514CLmbVNBp68RLO5j8IRZLiQwpSPej2ZzWuqK3ZLZAQJ61ke65X0q_TolcqK7G1cfGHznqSKZLn9wjIGsxtP955XeJDbYSGrotSZDCmn2Wq0tIGyzRfsu7_ADnfEJGp9LtgI7gIaW8Rg2i1qPLUHMPjSg0x0B-J0Cw4s6OXT9sKDROw7MBvVK9Sddt4x8lLaSRBMFAS3tMu8XfbetvPCk.sKOZbEDGiBbxq9qkxyCXqQhRUNeKUgdHCQj0wQYfwOo&dib_tag=se&keywords=mens+black+genuine+leather+bag&qid=1726942197&sr=8-96,https://amzn.to/3MWf2Vi
B01LFEPRHK,Made In Italy Genuine Leather Bag For Man 2 Compartments Color Black Tuscan Leather - Man Bag,75.76,https://m.media-amazon.com/images/I/41wEDVadL4L._AC_UL320_.jpg,accessories,2024-09-21 19:09:49.077187,27ba3c50-a2a1-4970-95c7-434c382c9eb5,Amazon,https://www.amazon.co.uk/Made-Italy-Genuine-Leather-Compartments/dp/B01LFEPRHK/ref=sr_1_100?dib=eyJ2IjoiMSJ9.V-vjsE-uuK-ZpNifx3FliEWASQHK8MgLDTF5Sx6QalLQZ8lSlUg1H0z0XrN38_IOYYBnK8l7JtXG_5cqnW1tPUWHGxhU2EW46q0bElmZwYqUDmKkH-CBxJ_q9e8hN00sRVjgKoOoYfFxe-eyYuWe9fQV20vxavMzMRJ9H_tySneBnMoMXj8KMCVTj2jiy7eiXtsiAJlL9Q9dMtAhPsj_dQlca9vyxqHKTatzSJb5HEt-jsAkVliNGDsWK7AyAogDGZ8BIvXZLn1RVG6J7fUN4JiD-kB7f8U1-aypwD_T-f0.pcbit_Fih0JwoTza2ITHO1lB_66Es1HZuGc3U2JMAns&dib_tag=se&keywords=mens+black+genuine+leather+bag&qid=1726942203&sr=8-100,https://amzn.to/4ewrt63
B0BG4Z9L6C,"Men's Leather Wallet with RFID Protection, Large Wallet with Coin Compartment, 13 Compartments, Genuine Leather Money Bag for Men, Minimalist Wallets Men, Wallet Black, black, 2x10x12.5 cm,",10.14,https://m.media-amazon.com/images/I/61J929ABs3L._AC_UL320_.jpg,accessories,2024-09-21 19:09:49.077187,27ba3c50-a2a1-4970-95c7-434c382c9eb5,Amazon,https://www.amazon.co.uk/Leather-Protection-Compartment-Compartments-Minimalist/dp/B0BG4Z9L6C/ref=sr_1_101?dib=eyJ2IjoiMSJ9.V-vjsE-uuK-ZpNifx3FliEWASQHK8MgLDTF5Sx6QalLQZ8lSlUg1H0z0XrN38_IOYYBnK8l7JtXG_5cqnW1tPUWHGxhU2EW46q0bElmZwYqUDmKkH-CBxJ_q9e8hN00sRVjgKoOoYfFxe-eyYuWe9fQV20vxavMzMRJ9H_tySneBnMoMXj8KMCVTj2jiy7eiXtsiAJlL9Q9dMtAhPsj_dQlca9vyxqHKTatzSJb5HEt-jsAkVliNGDsWK7AyAogDGZ8BIvXZLn1RVG6J7fUN4JiD-kB7f8U1-aypwD_T-f0.pcbit_Fih0JwoTza2ITHO1lB_66Es1HZuGc3U2JMAns&dib_tag=se&keywords=mens+black+genuine+leather+bag&qid=1726942203&sr=8-101,https://amzn.to/4dvPhq1
B09MTZWNK5,"Harlow' XL Leather Backpack for Men | Vintage Laptop Backpack for 15-17 Inch | Large Work Backpack with Compartments | Trolley Attachable | Genuine Leather, Colour:black",134.90,https://m.media-amazon.com/images/I/819aXevNyWL._AC_UL320_.jpg,accessories,2024-09-21 19:09:49.077187,27ba3c50-a2a1-4970-95c7-434c382c9eb5,Amazon,https://www.amazon.co.uk/STILORD-Leather-Backpack-Business-Compartments/dp/B09MTZWNK5/ref=sr_1_103?dib=eyJ2IjoiMSJ9.V-vjsE-uuK-ZpNifx3FliEWASQHK8MgLDTF5Sx6QalLQZ8lSlUg1H0z0XrN38_IOYYBnK8l7JtXG_5cqnW1tPUWHGxhU2EW46q0bElmZwYqUDmKkH-CBxJ_q9e8hN00sRVjgKoOoYfFxe-eyYuWe9fQV20vxavMzMRJ9H_tySneBnMoMXj8KMCVTj2jiy7eiXtsiAJlL9Q9dMtAhPsj_dQlca9vyxqHKTatzSJb5HEt-jsAkVliNGDsWK7AyAogDGZ8BIvXZLn1RVG6J7fUN4JiD-kB7f8U1-aypwD_T-f0.pcbit_Fih0JwoTza2ITHO1lB_66Es1HZuGc3U2JMAns&dib_tag=se&keywords=mens+black+genuine+leather+bag&qid=1726942203&sr=8-103,https://amzn.to/3XzQqa3
B0D4ZD7DHC,Genuine Leather Holdall Overnight Weekend Duffle Bag Travel Carry on Black Volos,159.00,https://m.media-amazon.com/images/I/7126gVCRBEL._AC_UL320_.jpg,accessories,2024-09-21 19:09:49.077187,27ba3c50-a2a1-4970-95c7-434c382c9eb5,Amazon,https://www.amazon.co.uk/Genuine-Leather-Holdall-Overnight-Volos/dp/B0D4ZD7DHC/ref=sr_1_112?dib=eyJ2IjoiMSJ9.V-vjsE-uuK-ZpNifx3FliEWASQHK8MgLDTF5Sx6QalLQZ8lSlUg1H0z0XrN38_IOYYBnK8l7JtXG_5cqnW1tPUWHGxhU2EW46q0bElmZwYqUDmKkH-CBxJ_q9e8hN00sRVjgKoOoYfFxe-eyYuWe9fQV20vxavMzMRJ9H_tySneBnMoMXj8KMCVTj2jiy7eiXtsiAJlL9Q9dMtAhPsj_dQlca9vyxqHKTatzSJb5HEt-jsAkVliNGDsWK7AyAogDGZ8BIvXZLn1RVG6J7fUN4JiD-kB7f8U1-aypwD_T-f0.pcbit_Fih0JwoTza2ITHO1lB_66Es1HZuGc3U2JMAns&dib_tag=se&keywords=mens+black+genuine+leather+bag&qid=1726942203&sr=8-112,https://amzn.to/3XQEdih
B0BGT6947C,"Bronn' Leather Pouch Small Vintage Purse for Money and Key Coin Bag for Women and Men Mini Cash Wallet Genuine Leather, Colour:Black",19.90,https://m.media-amazon.com/images/I/71QSPBZ2fRL._AC_UL320_.jpg,accessories,2024-09-21 19:09:49.077187,27ba3c50-a2a1-4970-95c7-434c382c9eb5,Amazon,https://www.amazon.co.uk/STILORD-Leather-Vintage-Wallet-Genuine/dp/B0BGT6947C/ref=sr_1_113?dib=eyJ2IjoiMSJ9.V-vjsE-uuK-ZpNifx3FliEWASQHK8MgLDTF5Sx6QalLQZ8lSlUg1H0z0XrN38_IOYYBnK8l7JtXG_5cqnW1tPUWHGxhU2EW46q0bElmZwYqUDmKkH-CBxJ_q9e8hN00sRVjgKoOoYfFxe-eyYuWe9fQV20vxavMzMRJ9H_tySneBnMoMXj8KMCVTj2jiy7eiXtsiAJlL9Q9dMtAhPsj_dQlca9vyxqHKTatzSJb5HEt-jsAkVliNGDsWK7AyAogDGZ8BIvXZLn1RVG6J7fUN4JiD-kB7f8U1-aypwD_T-f0.pcbit_Fih0JwoTza2ITHO1lB_66Es1HZuGc3U2JMAns&dib_tag=se&keywords=mens+black+genuine+leather+bag&qid=1726942203&sr=8-113,https://amzn.to/4eeoWOc
B00VJZNXD6,"Mens Toiletry Bag and Wash Bag, Genuine Leather Large Travel Toiletry Bag for Men Scratch and Water Resistant, Woodland Hand Made and Limited Edition Wash Bag (Black)",34.99,https://m.media-amazon.com/images/I/61+pDXGpgmL._AC_UL320_.jpg,accessories,2024-09-21 19:09:49.077187,27ba3c50-a2a1-4970-95c7-434c382c9eb5,Amazon,https://www.amazon.co.uk/Woodland-Leathers-Black-Leather-Military/dp/B00VJZNXD6/ref=sr_1_122?dib=eyJ2IjoiMSJ9.V-vjsE-uuK-ZpNifx3FliEWASQHK8MgLDTF5Sx6QalLQZ8lSlUg1H0z0XrN38_IOYYBnK8l7JtXG_5cqnW1tPUWHGxhU2EW46q0bElmZwYqUDmKkH-CBxJ_q9e8hN00sRVjgKoOoYfFxe-eyYuWe9fQV20vxavMzMRJ9H_tySneBnMoMXj8KMCVTj2jiy7eiXtsiAJlL9Q9dMtAhPsj_dQlca9vyxqHKTatzSJb5HEt-jsAkVliNGDsWK7AyAogDGZ8BIvXZLn1RVG6J7fUN4JiD-kB7f8U1-aypwD_T-f0.pcbit_Fih0JwoTza2ITHO1lB_66Es1HZuGc3U2JMAns&dib_tag=se&keywords=mens+black+genuine+leather+bag&qid=1726942203&sr=8-122,https://amzn.to/4gvHLxX
B0C1GNTJM6,Vintage Sling Bag Genuine Leather Chest Crossbody Bag Cover Pack Hiking Small Rucksack Waterproof Shoulder Bag Sling Backpack for Business Travel Hiking Bicycle Sport Gym Pack Black,42.99,https://m.media-amazon.com/images/I/61FiK4+sY4L._AC_UL320_.jpg,accessories,2024-09-21 19:09:49.077187,27ba3c50-a2a1-4970-95c7-434c382c9eb5,Amazon,https://www.amazon.co.uk/FANDARE-Crossbody-Rucksack-Waterproof-Shoulder/dp/B0C1GNTJM6/ref=sr_1_123?dib=eyJ2IjoiMSJ9.V-vjsE-uuK-ZpNifx3FliEWASQHK8MgLDTF5Sx6QalLQZ8lSlUg1H0z0XrN38_IOYYBnK8l7JtXG_5cqnW1tPUWHGxhU2EW46q0bElmZwYqUDmKkH-CBxJ_q9e8hN00sRVjgKoOoYfFxe-eyYuWe9fQV20vxavMzMRJ9H_tySneBnMoMXj8KMCVTj2jiy7eiXtsiAJlL9Q9dMtAhPsj_dQlca9vyxqHKTatzSJb5HEt-jsAkVliNGDsWK7AyAogDGZ8BIvXZLn1RVG6J7fUN4JiD-kB7f8U1-aypwD_T-f0.pcbit_Fih0JwoTza2ITHO1lB_66Es1HZuGc3U2JMAns&dib_tag=se&keywords=mens+black+genuine+leather+bag&qid=1726942203&sr=8-123,https://amzn.to/3ZxQwl9
B077Z7V7G8,Genuine Leather Men Shoulder bag Sling Chest bag Travel Hiking Backpack Crossbody Bag (Black),Price not available,https://m.media-amazon.com/images/I/71IVRtNoffL._AC_UL320_.jpg,accessories,2024-09-21 19:09:49.077187,27ba3c50-a2a1-4970-95c7-434c382c9eb5,Amazon,https://www.amazon.co.uk/Genuine-Leather-Shoulder-Backpack-Crossbody/dp/B077Z7V7G8/ref=sr_1_125?dib=eyJ2IjoiMSJ9.V-vjsE-uuK-ZpNifx3FliEWASQHK8MgLDTF5Sx6QalLQZ8lSlUg1H0z0XrN38_IOYYBnK8l7JtXG_5cqnW1tPUWHGxhU2EW46q0bElmZwYqUDmKkH-CBxJ_q9e8hN00sRVjgKoOoYfFxe-eyYuWe9fQV20vxavMzMRJ9H_tySneBnMoMXj8KMCVTj2jiy7eiXtsiAJlL9Q9dMtAhPsj_dQlca9vyxqHKTatzSJb5HEt-jsAkVliNGDsWK7AyAogDGZ8BIvXZLn1RVG6J7fUN4JiD-kB7f8U1-aypwD_T-f0.pcbit_Fih0JwoTza2ITHO1lB_66Es1HZuGc3U2JMAns&dib_tag=se&keywords=mens+black+genuine+leather+bag&qid=1726942203&sr=8-125,https://amzn.to/3TEC0Eb
B0711SYRWR,"Genuine Leather Wallet,Mens Secretary Long Cltch,Zipper Wallet Purse with 12 Card Slots (Black)",24.49,https://m.media-amazon.com/images/I/71OxzIGW94L._AC_UL320_.jpg,accessories,2024-09-21 19:09:49.077187,27ba3c50-a2a1-4970-95c7-434c382c9eb5,Amazon,https://www.amazon.co.uk/Contacts-Leather-Bifold-Holder-Wallet/dp/B0711SYRWR/ref=sr_1_126?dib=eyJ2IjoiMSJ9.V-vjsE-uuK-ZpNifx3FliEWASQHK8MgLDTF5Sx6QalLQZ8lSlUg1H0z0XrN38_IOYYBnK8l7JtXG_5cqnW1tPUWHGxhU2EW46q0bElmZwYqUDmKkH-CBxJ_q9e8hN00sRVjgKoOoYfFxe-eyYuWe9fQV20vxavMzMRJ9H_tySneBnMoMXj8KMCVTj2jiy7eiXtsiAJlL9Q9dMtAhPsj_dQlca9vyxqHKTatzSJb5HEt-jsAkVliNGDsWK7AyAogDGZ8BIvXZLn1RVG6J7fUN4JiD-kB7f8U1-aypwD_T-f0.pcbit_Fih0JwoTza2ITHO1lB_66Es1HZuGc3U2JMAns&dib_tag=se&keywords=mens+black+genuine+leather+bag&qid=1726942203&sr=8-126,https://amzn.to/3BfmoRq
B0C143P48T,Retro Sling Bag Genuine Leather Chest Crossbody Bag Hiking Cover Pack Rucksack Waterproof Shoulder Bag Sling Backpack for Business Travel Hiking Bicycle Sport Gym Pack Black,37.99,https://m.media-amazon.com/images/I/61dpuNeNM-L._AC_UL320_.jpg,accessories,2024-09-21 19:09:49.077187,27ba3c50-a2a1-4970-95c7-434c382c9eb5,Amazon,https://www.amazon.co.uk/FANDARE-Crossbody-Rucksack-Waterproof-Shoulder/dp/B0C143P48T/ref=sr_1_130?dib=eyJ2IjoiMSJ9.V-vjsE-uuK-ZpNifx3FliEWASQHK8MgLDTF5Sx6QalLQZ8lSlUg1H0z0XrN38_IOYYBnK8l7JtXG_5cqnW1tPUWHGxhU2EW46q0bElmZwYqUDmKkH-CBxJ_q9e8hN00sRVjgKoOoYfFxe-eyYuWe9fQV20vxavMzMRJ9H_tySneBnMoMXj8KMCVTj2jiy7eiXtsiAJlL9Q9dMtAhPsj_dQlca9vyxqHKTatzSJb5HEt-jsAkVliNGDsWK7AyAogDGZ8BIvXZLn1RVG6J7fUN4JiD-kB7f8U1-aypwD_T-f0.pcbit_Fih0JwoTza2ITHO1lB_66Es1HZuGc3U2JMAns&dib_tag=se&keywords=mens+black+genuine+leather+bag&qid=1726942203&sr=8-130,https://amzn.to/3TEC4np
B0CPYM4TJS,"Genuine Leather Men's Wallet with Zip Landscape Format, Stylish for the Elegant Man, Safe, Organised and Versatile in Catering, Business and Travel, black, Classic",29.90,https://m.media-amazon.com/images/I/51kCZvfEvKL._AC_UL320_.jpg,accessories,2024-09-21 19:09:49.077187,27ba3c50-a2a1-4970-95c7-434c382c9eb5,Amazon,https://www.amazon.co.uk/1965-Landscape-Organised-Versatile-Catering/dp/B0CPYM4TJS/ref=sr_1_133?dib=eyJ2IjoiMSJ9.V-vjsE-uuK-ZpNifx3FliEWASQHK8MgLDTF5Sx6QalLQZ8lSlUg1H0z0XrN38_IOYYBnK8l7JtXG_5cqnW1tPUWHGxhU2EW46q0bElmZwYqUDmKkH-CBxJ_q9e8hN00sRVjgKoOoYfFxe-eyYuWe9fQV20vxavMzMRJ9H_tySneBnMoMXj8KMCVTj2jiy7eiXtsiAJlL9Q9dMtAhPsj_dQlca9vyxqHKTatzSJb5HEt-jsAkVliNGDsWK7AyAogDGZ8BIvXZLn1RVG6J7fUN4JiD-kB7f8U1-aypwD_T-f0.pcbit_Fih0JwoTza2ITHO1lB_66Es1HZuGc3U2JMAns&dib_tag=se&keywords=mens+black+genuine+leather+bag&qid=1726942203&sr=8-133,https://amzn.to/3BaCE6f
B081D2NV1X,"Men's Small Shoulder Bag, Leather sling bag Genuine Leather Bag, Retro Light weight Cross Body Everyday Satchel Bag for Business Casual Sport Hiking Travel Black",25.11,https://m.media-amazon.com/images/I/71eL7UuZ-JL._AC_UL320_.jpg,accessories,2024-09-21 19:09:49.077187,27ba3c50-a2a1-4970-95c7-434c382c9eb5,Amazon,https://www.amazon.co.uk/BULLCAPTAIN-Shoulder-Lightweight-Everyday-Business/dp/B081D2NV1X/ref=sr_1_137?dib=eyJ2IjoiMSJ9.V-vjsE-uuK-ZpNifx3FliEWASQHK8MgLDTF5Sx6QalLQZ8lSlUg1H0z0XrN38_IOYYBnK8l7JtXG_5cqnW1tPUWHGxhU2EW46q0bElmZwYqUDmKkH-CBxJ_q9e8hN00sRVjgKoOoYfFxe-eyYuWe9fQV20vxavMzMRJ9H_tySneBnMoMXj8KMCVTj2jiy7eiXtsiAJlL9Q9dMtAhPsj_dQlca9vyxqHKTatzSJb5HEt-jsAkVliNGDsWK7AyAogDGZ8BIvXZLn1RVG6J7fUN4JiD-kB7f8U1-aypwD_T-f0.pcbit_Fih0JwoTza2ITHO1lB_66Es1HZuGc3U2JMAns&dib_tag=se&keywords=mens+black+genuine+leather+bag&qid=1726942203&sr=8-137,https://amzn.to/3BesnpD
B07BP1RYZ8,"Men's Shoulder Bag Small Genuine Leather Bag, Novatech Genuine Leather Bag, Vintage lightweight Cross Body Everyday Satchel Bag for Travel Hiking Working School Business Cycling (Black)",29.65,https://m.media-amazon.com/images/I/71JeXHLpDfL._AC_UL320_.jpg,accessories,2024-09-21 19:09:49.077187,27ba3c50-a2a1-4970-95c7-434c382c9eb5,Amazon,https://www.amazon.co.uk/Novatech-Shoulder-lightweight-Everyday-Business/dp/B07BP1RYZ8/ref=sr_1_142?dib=eyJ2IjoiMSJ9.V-vjsE-uuK-ZpNifx3FliEWASQHK8MgLDTF5Sx6QalLQZ8lSlUg1H0z0XrN38_IOYYBnK8l7JtXG_5cqnW1tPUWHGxhU2EW46q0bElmZwYqUDmKkH-CBxJ_q9e8hN00sRVjgKoOoYfFxe-eyYuWe9fQV20vxavMzMRJ9H_tySneBnMoMXj8KMCVTj2jiy7eiXtsiAJlL9Q9dMtAhPsj_dQlca9vyxqHKTatzSJb5HEt-jsAkVliNGDsWK7AyAogDGZ8BIvXZLn1RVG6J7fUN4JiD-kB7f8U1-aypwD_T-f0.pcbit_Fih0JwoTza2ITHO1lB_66Es1HZuGc3U2JMAns&dib_tag=se&keywords=mens+black+genuine+leather+bag&qid=1726942203&sr=8-142,https://amzn.to/3ZzuFtE
B09L6856M8,"Casimir' Large Leather Hip Bag Vintage Bum Bag for Men Women Waist Bag Modern Belt Pouch for Jogging Festival Travel Genuine Leather, Colour:Black",42.97,https://m.media-amazon.com/images/I/81aWJfqd9+L._AC_UL320_.jpg,accessories,2024-09-21 19:09:49.077187,27ba3c50-a2a1-4970-95c7-434c382c9eb5,Amazon,https://www.amazon.co.uk/STILORD-Casimir-Leather-Vintage-Festival/dp/B09L6856M8/ref=sr_1_145?dib=eyJ2IjoiMSJ9.ydJAqXh2hBZNi36kNz77GAhjJz8M7LCWp2V91atsO1q---Oe9Ub6_q4cAwbsRCDn--oHklpSNE6ek69t-p1uVabTIepXxpZaxvMEj4_gOIPUFJ3QbYfriW8iLnoONm6BsyvTkHR00OPR-LdGYfNiAXz9G9BZn4Xrve3D7o8cv_fR0UTSvOTO64Hbj-p51CecE5tuQNuvRkFkz_SjOeLBLSqwVi60efm2cN3_eFKhBK-ILq2m3zWVdUU9p2YkAwvl3s1HXHFG23H5y_F23AOhw3FpHAOaNm2r94br4hKotSM.uojOhHdW25ZrLm9ApAmbM6G_dley-C3bmp_wNlSbzMg&dib_tag=se&keywords=mens+black+genuine+leather+bag&qid=1726942209&sr=8-145,https://amzn.to/3XBP5zu
B0DDPCSXK5,"Genuine Leather Small Sling Bag - 6.69""x12.6"" (LXH) Good for Men and Women Hiking Travel - Multipurpose Casual Small Packs Crossbody Chest Bag Backpack Matte Black",38.49,https://m.media-amazon.com/images/I/714g17ImjFL._AC_UL320_.jpg,accessories,2024-09-21 19:09:49.077187,27ba3c50-a2a1-4970-95c7-434c382c9eb5,Amazon,https://www.amazon.co.uk/DTGN-Genuine-Leather-Small-Sling/dp/B0DDPCSXK5/ref=sr_1_147?dib=eyJ2IjoiMSJ9.ydJAqXh2hBZNi36kNz77GAhjJz8M7LCWp2V91atsO1q---Oe9Ub6_q4cAwbsRCDn--oHklpSNE6ek69t-p1uVabTIepXxpZaxvMEj4_gOIPUFJ3QbYfriW8iLnoONm6BsyvTkHR00OPR-LdGYfNiAXz9G9BZn4Xrve3D7o8cv_fR0UTSvOTO64Hbj-p51CecE5tuQNuvRkFkz_SjOeLBLSqwVi60efm2cN3_eFKhBK-ILq2m3zWVdUU9p2YkAwvl3s1HXHFG23H5y_F23AOhw3FpHAOaNm2r94br4hKotSM.uojOhHdW25ZrLm9ApAmbM6G_dley-C3bmp_wNlSbzMg&dib_tag=se&keywords=mens+black+genuine+leather+bag&qid=1726942209&sr=8-147,https://amzn.to/3XD8gJ4
B01N2UT7S8,"Jumbo - Toilet Bag Extra Large, Genuine Real Leather Mens WASH Bag/Overnight Bag (Black) 2017 Model- 4611",16.90,https://m.media-amazon.com/images/I/71RmS+WINBL._AC_UL320_.jpg,accessories,2024-09-21 19:09:49.077187,27ba3c50-a2a1-4970-95c7-434c382c9eb5,Amazon,https://www.amazon.co.uk/Jumbo-Toilet-Genuine-Leather-Overnight/dp/B01N2UT7S8/ref=sr_1_148?dib=eyJ2IjoiMSJ9.ydJAqXh2hBZNi36kNz77GAhjJz8M7LCWp2V91atsO1q---Oe9Ub6_q4cAwbsRCDn--oHklpSNE6ek69t-p1uVabTIepXxpZaxvMEj4_gOIPUFJ3QbYfriW8iLnoONm6BsyvTkHR00OPR-LdGYfNiAXz9G9BZn4Xrve3D7o8cv_fR0UTSvOTO64Hbj-p51CecE5tuQNuvRkFkz_SjOeLBLSqwVi60efm2cN3_eFKhBK-ILq2m3zWVdUU9p2YkAwvl3s1HXHFG23H5y_F23AOhw3FpHAOaNm2r94br4hKotSM.uojOhHdW25ZrLm9ApAmbM6G_dley-C3bmp_wNlSbzMg&dib_tag=se&keywords=mens+black+genuine+leather+bag&qid=1726942209&sr=8-148,https://amzn.to/3Xyl0k7
B09N9TXNH5,"Malik' Large Work Backpack Leather Laptop Backpack 15.6 inch Leather Business Rucksack Vintage Shoulder bag Bag College Backpack XL in Genuine Leather, Colour:black",129.90,https://m.media-amazon.com/images/I/81trKv3Nj0L._AC_UL320_.jpg,accessories,2024-09-21 19:09:49.077187,27ba3c50-a2a1-4970-95c7-434c382c9eb5,Amazon,https://www.amazon.co.uk/STILORD-Backpack-Business-Rucksack-Shoulder/dp/B09N9TXNH5/ref=sr_1_150?dib=eyJ2IjoiMSJ9.ydJAqXh2hBZNi36kNz77GAhjJz8M7LCWp2V91atsO1q---Oe9Ub6_q4cAwbsRCDn--oHklpSNE6ek69t-p1uVabTIepXxpZaxvMEj4_gOIPUFJ3QbYfriW8iLnoONm6BsyvTkHR00OPR-LdGYfNiAXz9G9BZn4Xrve3D7o8cv_fR0UTSvOTO64Hbj-p51CecE5tuQNuvRkFkz_SjOeLBLSqwVi60efm2cN3_eFKhBK-ILq2m3zWVdUU9p2YkAwvl3s1HXHFG23H5y_F23AOhw3FpHAOaNm2r94br4hKotSM.uojOhHdW25ZrLm9ApAmbM6G_dley-C3bmp_wNlSbzMg&dib_tag=se&keywords=mens+black+genuine+leather+bag&qid=1726942209&sr=8-150,https://amzn.to/3Zy0ToL
B0C4KZCFY5,Retro Waist Fanny Pack Bumbags for Men Sling Bag Genuine Leather Chest Shoulder Crossbody Bag Cover Pack for Hiking Cycling Travelling Outdoor Sport Business College Shoulder BagBlack,44.35,https://m.media-amazon.com/images/I/71vVYM-lbjL._AC_UL320_.jpg,accessories,2024-09-21 19:09:49.077187,27ba3c50-a2a1-4970-95c7-434c382c9eb5,Amazon,https://www.amazon.co.uk/FANDARE-Shoulder-Crossbody-Travelling-Business/dp/B0C4KZCFY5/ref=sr_1_167?dib=eyJ2IjoiMSJ9.ydJAqXh2hBZNi36kNz77GAhjJz8M7LCWp2V91atsO1q---Oe9Ub6_q4cAwbsRCDn--oHklpSNE6ek69t-p1uVabTIepXxpZaxvMEj4_gOIPUFJ3QbYfriW8iLnoONm6BsyvTkHR00OPR-LdGYfNiAXz9G9BZn4Xrve3D7o8cv_fR0UTSvOTO64Hbj-p51CecE5tuQNuvRkFkz_SjOeLBLSqwVi60efm2cN3_eFKhBK-ILq2m3zWVdUU9p2YkAwvl3s1HXHFG23H5y_F23AOhw3FpHAOaNm2r94br4hKotSM.uojOhHdW25ZrLm9ApAmbM6G_dley-C3bmp_wNlSbzMg&dib_tag=se&keywords=mens+black+genuine+leather+bag&qid=1726942209&sr=8-167,https://amzn.to/4eep9ks
B0BP2JCQPB,Black Leather Sling Bag for Men and Women - Genuine Leather Crossbody Bag - Sling Backpack - Small Messenger Bag - Unisex Shoulder Bag - Handmade Full Grain Bag Made in Italy,123.00,https://m.media-amazon.com/images/I/71yxs8QKcEL._AC_UL320_.jpg,accessories,2024-09-21 19:09:49.077187,27ba3c50-a2a1-4970-95c7-434c382c9eb5,Amazon,https://www.amazon.co.uk/Time-Resistance-Leather-Sling-Bag/dp/B0BP2JCQPB/ref=sr_1_172?dib=eyJ2IjoiMSJ9.ydJAqXh2hBZNi36kNz77GAhjJz8M7LCWp2V91atsO1q---Oe9Ub6_q4cAwbsRCDn--oHklpSNE6ek69t-p1uVabTIepXxpZaxvMEj4_gOIPUFJ3QbYfriW8iLnoONm6BsyvTkHR00OPR-LdGYfNiAXz9G9BZn4Xrve3D7o8cv_fR0UTSvOTO64Hbj-p51CecE5tuQNuvRkFkz_SjOeLBLSqwVi60efm2cN3_eFKhBK-ILq2m3zWVdUU9p2YkAwvl3s1HXHFG23H5y_F23AOhw3FpHAOaNm2r94br4hKotSM.uojOhHdW25ZrLm9ApAmbM6G_dley-C3bmp_wNlSbzMg&dib_tag=se&keywords=mens+black+genuine+leather+bag&qid=1726942209&sr=8-172,https://amzn.to/3zAeJwk
B0BNHXSNXZ,Genuine Vintage Leather Tobacco Pouch Bag for Tobacco with zipper 4x7x1 Inches (Net Black),10.99,https://m.media-amazon.com/images/I/71qyTGh6q5L._AC_UL320_.jpg,accessories,2024-09-21 19:09:49.077187,27ba3c50-a2a1-4970-95c7-434c382c9eb5,Amazon,https://www.amazon.co.uk/Genuine-Vintage-Leather-Tobacco-zipper/dp/B0BNHXSNXZ/ref=sr_1_173?dib=eyJ2IjoiMSJ9.ydJAqXh2hBZNi36kNz77GAhjJz8M7LCWp2V91atsO1q---Oe9Ub6_q4cAwbsRCDn--oHklpSNE6ek69t-p1uVabTIepXxpZaxvMEj4_gOIPUFJ3QbYfriW8iLnoONm6BsyvTkHR00OPR-LdGYfNiAXz9G9BZn4Xrve3D7o8cv_fR0UTSvOTO64Hbj-p51CecE5tuQNuvRkFkz_SjOeLBLSqwVi60efm2cN3_eFKhBK-ILq2m3zWVdUU9p2YkAwvl3s1HXHFG23H5y_F23AOhw3FpHAOaNm2r94br4hKotSM.uojOhHdW25ZrLm9ApAmbM6G_dley-C3bmp_wNlSbzMg&dib_tag=se&keywords=mens+black+genuine+leather+bag&qid=1726942209&sr=8-173,https://amzn.to/3Xy2Tec
B0D22NPP5N,"Leather Toiletry Bag for Men - Best Gift for Men - Premium Genuine Leather Dopp Kit Shaving Kit Organizer Travel Kit Pouch Bag for Men - Large Size, Black, Toiletry Bag for Men",39.58,https://m.media-amazon.com/images/I/715NfGwowOL._AC_UL320_.jpg,accessories,2024-09-21 19:09:49.077187,27ba3c50-a2a1-4970-95c7-434c382c9eb5,Amazon,https://www.amazon.co.uk/HLC-Leather-Toiletry-Bag-Men/dp/B0D22NPP5N/ref=sr_1_174?dib=eyJ2IjoiMSJ9.ydJAqXh2hBZNi36kNz77GAhjJz8M7LCWp2V91atsO1q---Oe9Ub6_q4cAwbsRCDn--oHklpSNE6ek69t-p1uVabTIepXxpZaxvMEj4_gOIPUFJ3QbYfriW8iLnoONm6BsyvTkHR00OPR-LdGYfNiAXz9G9BZn4Xrve3D7o8cv_fR0UTSvOTO64Hbj-p51CecE5tuQNuvRkFkz_SjOeLBLSqwVi60efm2cN3_eFKhBK-ILq2m3zWVdUU9p2YkAwvl3s1HXHFG23H5y_F23AOhw3FpHAOaNm2r94br4hKotSM.uojOhHdW25ZrLm9ApAmbM6G_dley-C3bmp_wNlSbzMg&dib_tag=se&keywords=mens+black+genuine+leather+bag&qid=1726942209&sr=8-174,https://amzn.to/3Xy2TLe
B0C49F5XYP,Waist Fanny Pack Bumbags for Women Men Sling Bag Genuine Leather Chest Crossbody Bag Cover Pack for Hiking Cycling Travelling Outdoor Sport Gym Business College Shoulder Bag Black B,36.99,https://m.media-amazon.com/images/I/71t3Mk83gEL._AC_UL320_.jpg,accessories,2024-09-21 19:09:49.077187,27ba3c50-a2a1-4970-95c7-434c382c9eb5,Amazon,https://www.amazon.co.uk/FANDARE-Crossbody-Travelling-Business-Shoulder/dp/B0C49F5XYP/ref=sr_1_180?dib=eyJ2IjoiMSJ9.ydJAqXh2hBZNi36kNz77GAhjJz8M7LCWp2V91atsO1q---Oe9Ub6_q4cAwbsRCDn--oHklpSNE6ek69t-p1uVabTIepXxpZaxvMEj4_gOIPUFJ3QbYfriW8iLnoONm6BsyvTkHR00OPR-LdGYfNiAXz9G9BZn4Xrve3D7o8cv_fR0UTSvOTO64Hbj-p51CecE5tuQNuvRkFkz_SjOeLBLSqwVi60efm2cN3_eFKhBK-ILq2m3zWVdUU9p2YkAwvl3s1HXHFG23H5y_F23AOhw3FpHAOaNm2r94br4hKotSM.uojOhHdW25ZrLm9ApAmbM6G_dley-C3bmp_wNlSbzMg&dib_tag=se&keywords=mens+black+genuine+leather+bag&qid=1726942209&sr=8-180,https://amzn.to/3U0OrdZ
B00K0O1Z8M,Mens Genuine Leather Toiletry Travel WASH Gym Bag Travel KIT Overnight Black,11.75,https://m.media-amazon.com/images/I/91T5P+01CzL._AC_UL320_.jpg,accessories,2024-09-21 19:09:49.077187,27ba3c50-a2a1-4970-95c7-434c382c9eb5,Amazon,https://www.amazon.co.uk/ODS-Genuine-Leather-Toiletry-Overnight/dp/B00K0O1Z8M/ref=sr_1_181?dib=eyJ2IjoiMSJ9.ydJAqXh2hBZNi36kNz77GAhjJz8M7LCWp2V91atsO1q---Oe9Ub6_q4cAwbsRCDn--oHklpSNE6ek69t-p1uVabTIepXxpZaxvMEj4_gOIPUFJ3QbYfriW8iLnoONm6BsyvTkHR00OPR-LdGYfNiAXz9G9BZn4Xrve3D7o8cv_fR0UTSvOTO64Hbj-p51CecE5tuQNuvRkFkz_SjOeLBLSqwVi60efm2cN3_eFKhBK-ILq2m3zWVdUU9p2YkAwvl3s1HXHFG23H5y_F23AOhw3FpHAOaNm2r94br4hKotSM.uojOhHdW25ZrLm9ApAmbM6G_dley-C3bmp_wNlSbzMg&dib_tag=se&keywords=mens+black+genuine+leather+bag&qid=1726942209&sr=8-181,https://amzn.to/3zvjxmJ
B07QLCNRP1,Short Wallet for Men/Women Genuine Leather Purse Waterproof Bifold Wallet Credit Card Holder Coin Pocket Purse Black,30.99,https://m.media-amazon.com/images/I/71JOiv9MKxL._AC_UL320_.jpg,accessories,2024-09-21 19:09:49.077187,27ba3c50-a2a1-4970-95c7-434c382c9eb5,Amazon,https://www.amazon.co.uk/FANDARE-Wallet-Genuine-Leather-Waterproof/dp/B07QLCNRP1/ref=sr_1_182?dib=eyJ2IjoiMSJ9.ydJAqXh2hBZNi36kNz77GAhjJz8M7LCWp2V91atsO1q---Oe9Ub6_q4cAwbsRCDn--oHklpSNE6ek69t-p1uVabTIepXxpZaxvMEj4_gOIPUFJ3QbYfriW8iLnoONm6BsyvTkHR00OPR-LdGYfNiAXz9G9BZn4Xrve3D7o8cv_fR0UTSvOTO64Hbj-p51CecE5tuQNuvRkFkz_SjOeLBLSqwVi60efm2cN3_eFKhBK-ILq2m3zWVdUU9p2YkAwvl3s1HXHFG23H5y_F23AOhw3FpHAOaNm2r94br4hKotSM.uojOhHdW25ZrLm9ApAmbM6G_dley-C3bmp_wNlSbzMg&dib_tag=se&keywords=mens+black+genuine+leather+bag&qid=1726942209&sr=8-182,https://amzn.to/3MWfhja
B07N4LJZVD,Mens Genuine Leather Sport Outdoor Hip Bum Fanny Belt Waist Pack Drop Leg Thigh Messenger Bag 3111 (3111 The Black),31.99,https://m.media-amazon.com/images/I/81pg4h3n86L._AC_UL320_.jpg,accessories,2024-09-21 19:09:49.077187,27ba3c50-a2a1-4970-95c7-434c382c9eb5,Amazon,https://www.amazon.co.uk/Leaokuu-Genuine-Leather-Outdoor-Messenger/dp/B07N4LJZVD/ref=sr_1_184?dib=eyJ2IjoiMSJ9.ydJAqXh2hBZNi36kNz77GAhjJz8M7LCWp2V91atsO1q---Oe9Ub6_q4cAwbsRCDn--oHklpSNE6ek69t-p1uVabTIepXxpZaxvMEj4_gOIPUFJ3QbYfriW8iLnoONm6BsyvTkHR00OPR-LdGYfNiAXz9G9BZn4Xrve3D7o8cv_fR0UTSvOTO64Hbj-p51CecE5tuQNuvRkFkz_SjOeLBLSqwVi60efm2cN3_eFKhBK-ILq2m3zWVdUU9p2YkAwvl3s1HXHFG23H5y_F23AOhw3FpHAOaNm2r94br4hKotSM.uojOhHdW25ZrLm9ApAmbM6G_dley-C3bmp_wNlSbzMg&dib_tag=se&keywords=mens+black+genuine+leather+bag&qid=1726942209&sr=8-184,https://amzn.to/4etGKVe
B07795J4QM,"Verus' Vintage Leather Bag Men Large XL Laptop Bag 14 inches/College Bag/Portfolio/Shoulder Bag/Satchel/Business Bag Genuine Leather, Colour:Black",129.90,https://m.media-amazon.com/images/I/81dHdPtjgyL._AC_UL320_.jpg,accessories,2024-09-21 19:09:49.077187,27ba3c50-a2a1-4970-95c7-434c382c9eb5,Amazon,https://www.amazon.co.uk/STILORD-Vintage-Portfolio-Shoulder-Business/dp/B07795J4QM/ref=sr_1_185?dib=eyJ2IjoiMSJ9.ydJAqXh2hBZNi36kNz77GAhjJz8M7LCWp2V91atsO1q---Oe9Ub6_q4cAwbsRCDn--oHklpSNE6ek69t-p1uVabTIepXxpZaxvMEj4_gOIPUFJ3QbYfriW8iLnoONm6BsyvTkHR00OPR-LdGYfNiAXz9G9BZn4Xrve3D7o8cv_fR0UTSvOTO64Hbj-p51CecE5tuQNuvRkFkz_SjOeLBLSqwVi60efm2cN3_eFKhBK-ILq2m3zWVdUU9p2YkAwvl3s1HXHFG23H5y_F23AOhw3FpHAOaNm2r94br4hKotSM.uojOhHdW25ZrLm9ApAmbM6G_dley-C3bmp_wNlSbzMg&dib_tag=se&keywords=mens+black+genuine+leather+bag&qid=1726942209&sr=8-185,https://amzn.to/3ZDI8AF
B077VDY3N3,"Genuine Leather Fanny Pack / Waist Bag / Organizer with Adjustable Belt, Multiple Pockets For Men and Women, Black-878 Large, L",23.99,https://m.media-amazon.com/images/I/71eqgiGMoHL._AC_UL320_.jpg,accessories,2024-09-21 19:09:49.077187,27ba3c50-a2a1-4970-95c7-434c382c9eb5,Amazon,https://www.amazon.co.uk/ZZNICK-Genuine-Organizer-Adjustable-Multiple/dp/B077VDY3N3/ref=sr_1_191?dib=eyJ2IjoiMSJ9.ydJAqXh2hBZNi36kNz77GAhjJz8M7LCWp2V91atsO1q---Oe9Ub6_q4cAwbsRCDn--oHklpSNE6ek69t-p1uVabTIepXxpZaxvMEj4_gOIPUFJ3QbYfriW8iLnoONm6BsyvTkHR00OPR-LdGYfNiAXz9G9BZn4Xrve3D7o8cv_fR0UTSvOTO64Hbj-p51CecE5tuQNuvRkFkz_SjOeLBLSqwVi60efm2cN3_eFKhBK-ILq2m3zWVdUU9p2YkAwvl3s1HXHFG23H5y_F23AOhw3FpHAOaNm2r94br4hKotSM.uojOhHdW25ZrLm9ApAmbM6G_dley-C3bmp_wNlSbzMg&dib_tag=se&keywords=mens+black+genuine+leather+bag&qid=1726942209&sr=8-191,https://amzn.to/4ePJ7lF
B09QX6Y63J,"Mens Wallet, RFID Blocking Minimalist Credit Card Holder Bifold Purse, Genuine Leather Slim Wallet for Men & Women Black/Orange",11.99,https://m.media-amazon.com/images/I/711LibyOGcL._AC_UL320_.jpg,accessories,2024-09-21 19:09:49.077187,27ba3c50-a2a1-4970-95c7-434c382c9eb5,Amazon,https://www.amazon.co.uk/Wallet-Blocking-Minimalist-Genuine-Leather/dp/B09QX6Y63J/ref=sr_1_196?dib=eyJ2IjoiMSJ9.ufU7RPJYdI8cdTM1tjfucNfttHeujWzBkQ3QWjyhmbDFJLYtuJr1Yzw5iMKqbW0ZdMI4u9JJSfO8OMSsv6NBBVgcdt_D_m5ocBfsm9OH_igcxDwVXqJs_r2uNoQxPwR6mLDmOpDB9Lqdn8c_nUTwUg5d5oLCQnS2YjNrg25akrNBVhDo3kyHZk6KwBB_axftOa7Ge4S89HuawnDim4RN1hofgBnncOZ8vnlZN-QWtWnZeEZfPvHcgqJYvqsu8gUGr0zZtfYVYLVbAqUURj3OZLIKbqbJfd6gFDILfVbeg4s.PVDVqnfO5ryP6-566ea-ogzm_B047e2xrZGjJ8vzXM4&dib_tag=se&keywords=mens+black+genuine+leather+bag&qid=1726942215&sr=8-196,https://amzn.to/3MStMVd
B0BCHLN9YB,"Wrist Bag – Men's Handbag Genuine Leather Money Bag Shoulder Bag Document Bag Hand Strap Black, black",21.33,https://m.media-amazon.com/images/I/61m1y9hv4mL._AC_UL320_.jpg,accessories,2024-09-21 19:09:49.077187,27ba3c50-a2a1-4970-95c7-434c382c9eb5,Amazon,https://www.amazon.co.uk/SOTALA-Wrist-Bag-Shoulder-Document/dp/B0BCHLN9YB/ref=sr_1_198?dib=eyJ2IjoiMSJ9.ufU7RPJYdI8cdTM1tjfucNfttHeujWzBkQ3QWjyhmbDFJLYtuJr1Yzw5iMKqbW0ZdMI4u9JJSfO8OMSsv6NBBVgcdt_D_m5ocBfsm9OH_igcxDwVXqJs_r2uNoQxPwR6mLDmOpDB9Lqdn8c_nUTwUg5d5oLCQnS2YjNrg25akrNBVhDo3kyHZk6KwBB_axftOa7Ge4S89HuawnDim4RN1hofgBnncOZ8vnlZN-QWtWnZeEZfPvHcgqJYvqsu8gUGr0zZtfYVYLVbAqUURj3OZLIKbqbJfd6gFDILfVbeg4s.PVDVqnfO5ryP6-566ea-ogzm_B047e2xrZGjJ8vzXM4&dib_tag=se&keywords=mens+black+genuine+leather+bag&qid=1726942215&sr=8-198,https://amzn.to/4eepbc4
B07F2FCJHD,Dabixx Soft Men Women Card Coin Key Holder Zip Genuine Leather Wallet Pouch Bag Purse Black,4.99,https://m.media-amazon.com/images/I/51oD+IMwflL._AC_UL320_.jpg,accessories,2024-09-21 19:09:49.077187,27ba3c50-a2a1-4970-95c7-434c382c9eb5,Amazon,https://www.amazon.co.uk/Dabixx-Holder-Genuine-Leather-Wallet/dp/B07F2FCJHD/ref=sr_1_200?dib=eyJ2IjoiMSJ9.ufU7RPJYdI8cdTM1tjfucNfttHeujWzBkQ3QWjyhmbDFJLYtuJr1Yzw5iMKqbW0ZdMI4u9JJSfO8OMSsv6NBBVgcdt_D_m5ocBfsm9OH_igcxDwVXqJs_r2uNoQxPwR6mLDmOpDB9Lqdn8c_nUTwUg5d5oLCQnS2YjNrg25akrNBVhDo3kyHZk6KwBB_axftOa7Ge4S89HuawnDim4RN1hofgBnncOZ8vnlZN-QWtWnZeEZfPvHcgqJYvqsu8gUGr0zZtfYVYLVbAqUURj3OZLIKbqbJfd6gFDILfVbeg4s.PVDVqnfO5ryP6-566ea-ogzm_B047e2xrZGjJ8vzXM4&dib_tag=se&keywords=mens+black+genuine+leather+bag&qid=1726942215&sr=8-200,https://amzn.to/4ePJaxR
B0CG5DQB93,Vintage Mens Shoulder Bag Business Small Satchel Side Bag Genuine Leather Crossbody Bag Lightweight Mini Messenger Bag Crossover Manbag for Work Travel Sports Hiking Daily Handbag Black,42.13,https://m.media-amazon.com/images/I/91L-VblVEqL._AC_UL320_.jpg,accessories,2024-09-21 19:09:49.077187,27ba3c50-a2a1-4970-95c7-434c382c9eb5,Amazon,https://www.amazon.co.uk/FOLOVEYA-Crossbody-Lightweight-Messenger-Crossover/dp/B0CG5DQB93/ref=sr_1_209?dib=eyJ2IjoiMSJ9.ufU7RPJYdI8cdTM1tjfucNfttHeujWzBkQ3QWjyhmbDFJLYtuJr1Yzw5iMKqbW0ZdMI4u9JJSfO8OMSsv6NBBVgcdt_D_m5ocBfsm9OH_igcxDwVXqJs_r2uNoQxPwR6mLDmOpDB9Lqdn8c_nUTwUg5d5oLCQnS2YjNrg25akrNBVhDo3kyHZk6KwBB_axftOa7Ge4S89HuawnDim4RN1hofgBnncOZ8vnlZN-QWtWnZeEZfPvHcgqJYvqsu8gUGr0zZtfYVYLVbAqUURj3OZLIKbqbJfd6gFDILfVbeg4s.PVDVqnfO5ryP6-566ea-ogzm_B047e2xrZGjJ8vzXM4&dib_tag=se&keywords=mens+black+genuine+leather+bag&qid=1726942215&sr=8-209,https://amzn.to/4enM8JA
B0999MMPB5,"River' Small Leather Shoulder Bag for Men Vintage Cross Body Mini Messenger Bag Leather Bag for Tablets Men's Handbag in Genuine Leather, Colour:Black",77.90,https://m.media-amazon.com/images/I/811i2JwGfoL._AC_UL320_.jpg,accessories,2024-09-21 19:09:49.077187,27ba3c50-a2a1-4970-95c7-434c382c9eb5,Amazon,https://www.amazon.co.uk/STILORD-Leather-Shoulder-Vintage-Messenger/dp/B0999MMPB5/ref=sr_1_215?dib=eyJ2IjoiMSJ9.ufU7RPJYdI8cdTM1tjfucNfttHeujWzBkQ3QWjyhmbDFJLYtuJr1Yzw5iMKqbW0ZdMI4u9JJSfO8OMSsv6NBBVgcdt_D_m5ocBfsm9OH_igcxDwVXqJs_r2uNoQxPwR6mLDmOpDB9Lqdn8c_nUTwUg5d5oLCQnS2YjNrg25akrNBVhDo3kyHZk6KwBB_axftOa7Ge4S89HuawnDim4RN1hofgBnncOZ8vnlZN-QWtWnZeEZfPvHcgqJYvqsu8gUGr0zZtfYVYLVbAqUURj3OZLIKbqbJfd6gFDILfVbeg4s.PVDVqnfO5ryP6-566ea-ogzm_B047e2xrZGjJ8vzXM4&dib_tag=se&keywords=mens+black+genuine+leather+bag&qid=1726942215&sr=8-215,https://amzn.to/3BdDI9m
B07PJY53HL,"Wallets Mens RFID Blocking Genuine Leather Mans Wallets, Bifold Mens Wallet with Coin Pocket Wallets with Gift Box 1190 (Black Tan)",13.56,https://m.media-amazon.com/images/I/810yrnZJT3L._AC_UL320_.jpg,accessories,2024-09-21 19:09:49.077187,27ba3c50-a2a1-4970-95c7-434c382c9eb5,Amazon,https://www.amazon.co.uk/Starhide-Leather-Blocking-Trifold-Passcase/dp/B07PJY53HL/ref=sr_1_216?dib=eyJ2IjoiMSJ9.ufU7RPJYdI8cdTM1tjfucNfttHeujWzBkQ3QWjyhmbDFJLYtuJr1Yzw5iMKqbW0ZdMI4u9JJSfO8OMSsv6NBBVgcdt_D_m5ocBfsm9OH_igcxDwVXqJs_r2uNoQxPwR6mLDmOpDB9Lqdn8c_nUTwUg5d5oLCQnS2YjNrg25akrNBVhDo3kyHZk6KwBB_axftOa7Ge4S89HuawnDim4RN1hofgBnncOZ8vnlZN-QWtWnZeEZfPvHcgqJYvqsu8gUGr0zZtfYVYLVbAqUURj3OZLIKbqbJfd6gFDILfVbeg4s.PVDVqnfO5ryP6-566ea-ogzm_B047e2xrZGjJ8vzXM4&dib_tag=se&keywords=mens+black+genuine+leather+bag&qid=1726942215&sr=8-216,https://amzn.to/3BcKpbL
B07G51J3B2,"Echo' Vintage Bum Bag Leather Pouch Bag Fanny Pack Vintage Belt Bag for Men and Women 7 Inch for Mobile Phone Travel Festival Unisex Genuine Leather, Colour:Black",49.90,https://m.media-amazon.com/images/I/71BEGshHVVL._AC_UL320_.jpg,accessories,2024-09-21 19:09:49.077187,27ba3c50-a2a1-4970-95c7-434c382c9eb5,Amazon,https://www.amazon.co.uk/STILORD-Vintage-Leather-Festival-Genuine/dp/B07G51J3B2/ref=sr_1_224?dib=eyJ2IjoiMSJ9.ufU7RPJYdI8cdTM1tjfucNfttHeujWzBkQ3QWjyhmbDFJLYtuJr1Yzw5iMKqbW0ZdMI4u9JJSfO8OMSsv6NBBVgcdt_D_m5ocBfsm9OH_igcxDwVXqJs_r2uNoQxPwR6mLDmOpDB9Lqdn8c_nUTwUg5d5oLCQnS2YjNrg25akrNBVhDo3kyHZk6KwBB_axftOa7Ge4S89HuawnDim4RN1hofgBnncOZ8vnlZN-QWtWnZeEZfPvHcgqJYvqsu8gUGr0zZtfYVYLVbAqUURj3OZLIKbqbJfd6gFDILfVbeg4s.PVDVqnfO5ryP6-566ea-ogzm_B047e2xrZGjJ8vzXM4&dib_tag=se&keywords=mens+black+genuine+leather+bag&qid=1726942215&sr=8-224,https://amzn.to/4gBjczu
B07BMS1CKL,Genuine Leather Makeup Bag Cosmetic Pouch Travel Organizer Toiletry Clutch (Black),35.99,https://m.media-amazon.com/images/I/71wTTWakvSL._AC_UL320_.jpg,accessories,2024-09-21 19:09:49.077187,27ba3c50-a2a1-4970-95c7-434c382c9eb5,Amazon,https://www.amazon.co.uk/Otto-Angelino-Cosmetic-Organizer-Toiletry/dp/B07BMS1CKL/ref=sr_1_225?dib=eyJ2IjoiMSJ9.ufU7RPJYdI8cdTM1tjfucNfttHeujWzBkQ3QWjyhmbDFJLYtuJr1Yzw5iMKqbW0ZdMI4u9JJSfO8OMSsv6NBBVgcdt_D_m5ocBfsm9OH_igcxDwVXqJs_r2uNoQxPwR6mLDmOpDB9Lqdn8c_nUTwUg5d5oLCQnS2YjNrg25akrNBVhDo3kyHZk6KwBB_axftOa7Ge4S89HuawnDim4RN1hofgBnncOZ8vnlZN-QWtWnZeEZfPvHcgqJYvqsu8gUGr0zZtfYVYLVbAqUURj3OZLIKbqbJfd6gFDILfVbeg4s.PVDVqnfO5ryP6-566ea-ogzm_B047e2xrZGjJ8vzXM4&dib_tag=se&keywords=mens+black+genuine+leather+bag&qid=1726942215&sr=8-225,https://amzn.to/4gzJmTl
B0BZ4KVTLP,"Premium Genuine Grain Leather Wristlet Pouch Zip Clutch Bag w. Card Slots Phone Purse w. Wrist Strap For Men Women, Black Quilted",28.01,https://m.media-amazon.com/images/I/61tUkYqZd9L._AC_UL320_.jpg,accessories,2024-09-21 19:09:49.077187,27ba3c50-a2a1-4970-95c7-434c382c9eb5,Amazon,https://www.amazon.co.uk/Mossruta-Premium-Genuine-Leather-Wristlet/dp/B0BZ4KVTLP/ref=sr_1_229?dib=eyJ2IjoiMSJ9.ufU7RPJYdI8cdTM1tjfucNfttHeujWzBkQ3QWjyhmbDFJLYtuJr1Yzw5iMKqbW0ZdMI4u9JJSfO8OMSsv6NBBVgcdt_D_m5ocBfsm9OH_igcxDwVXqJs_r2uNoQxPwR6mLDmOpDB9Lqdn8c_nUTwUg5d5oLCQnS2YjNrg25akrNBVhDo3kyHZk6KwBB_axftOa7Ge4S89HuawnDim4RN1hofgBnncOZ8vnlZN-QWtWnZeEZfPvHcgqJYvqsu8gUGr0zZtfYVYLVbAqUURj3OZLIKbqbJfd6gFDILfVbeg4s.PVDVqnfO5ryP6-566ea-ogzm_B047e2xrZGjJ8vzXM4&dib_tag=se&keywords=mens+black+genuine+leather+bag&qid=1726942215&sr=8-229,https://amzn.to/3XQAC3V
B0B4Z6GTDP,Key Case Genuine Leather Car Key Bag Portable Key Zipper Pouch Double Layer Car Smart Key Chain for Men Women Black,23.99,https://m.media-amazon.com/images/I/61ery-GnB6L._AC_UL320_.jpg,accessories,2024-09-21 19:09:49.077187,27ba3c50-a2a1-4970-95c7-434c382c9eb5,Amazon,https://www.amazon.co.uk/PORRASSO-Genuine-Leather-Portable-Zipper/dp/B0B4Z6GTDP/ref=sr_1_230?dib=eyJ2IjoiMSJ9.ufU7RPJYdI8cdTM1tjfucNfttHeujWzBkQ3QWjyhmbDFJLYtuJr1Yzw5iMKqbW0ZdMI4u9JJSfO8OMSsv6NBBVgcdt_D_m5ocBfsm9OH_igcxDwVXqJs_r2uNoQxPwR6mLDmOpDB9Lqdn8c_nUTwUg5d5oLCQnS2YjNrg25akrNBVhDo3kyHZk6KwBB_axftOa7Ge4S89HuawnDim4RN1hofgBnncOZ8vnlZN-QWtWnZeEZfPvHcgqJYvqsu8gUGr0zZtfYVYLVbAqUURj3OZLIKbqbJfd6gFDILfVbeg4s.PVDVqnfO5ryP6-566ea-ogzm_B047e2xrZGjJ8vzXM4&dib_tag=se&keywords=mens+black+genuine+leather+bag&qid=1726942215&sr=8-230,https://amzn.to/3TyvKy0
B01MDUG7M7,Men Genuine Leather Small Travel Outdoor Hip Bum Fanny Belt Waist Pack Satchel Messenger Bag 269 (269 X-Black),32.99,https://m.media-amazon.com/images/I/61+vUp-wLHL._AC_UL320_.jpg,accessories,2024-09-21 19:09:49.077187,27ba3c50-a2a1-4970-95c7-434c382c9eb5,Amazon,https://www.amazon.co.uk/Leaokuu-Vintage-Messenger-Shoulder-269/dp/B01MDUG7M7/ref=sr_1_231?dib=eyJ2IjoiMSJ9.ufU7RPJYdI8cdTM1tjfucNfttHeujWzBkQ3QWjyhmbDFJLYtuJr1Yzw5iMKqbW0ZdMI4u9JJSfO8OMSsv6NBBVgcdt_D_m5ocBfsm9OH_igcxDwVXqJs_r2uNoQxPwR6mLDmOpDB9Lqdn8c_nUTwUg5d5oLCQnS2YjNrg25akrNBVhDo3kyHZk6KwBB_axftOa7Ge4S89HuawnDim4RN1hofgBnncOZ8vnlZN-QWtWnZeEZfPvHcgqJYvqsu8gUGr0zZtfYVYLVbAqUURj3OZLIKbqbJfd6gFDILfVbeg4s.PVDVqnfO5ryP6-566ea-ogzm_B047e2xrZGjJ8vzXM4&dib_tag=se&keywords=mens+black+genuine+leather+bag&qid=1726942215&sr=8-231,https://amzn.to/47ymz6c
B09L65PY2K,"Brodie' Crossbody Belt Bag Leather Large Vintage Bum Bag for Men Women Hip Bag Modern Belt Pouch for Jogging Festival Travel Genuine Leather, Colour:Black",52.90,https://m.media-amazon.com/images/I/71+VlXGo4ML._AC_UL320_.jpg,accessories,2024-09-21 19:09:49.077187,27ba3c50-a2a1-4970-95c7-434c382c9eb5,Amazon,https://www.amazon.co.uk/STILORD-Crossbody-Leather-Vintage-Festival/dp/B09L65PY2K/ref=sr_1_232?dib=eyJ2IjoiMSJ9.ufU7RPJYdI8cdTM1tjfucNfttHeujWzBkQ3QWjyhmbDFJLYtuJr1Yzw5iMKqbW0ZdMI4u9JJSfO8OMSsv6NBBVgcdt_D_m5ocBfsm9OH_igcxDwVXqJs_r2uNoQxPwR6mLDmOpDB9Lqdn8c_nUTwUg5d5oLCQnS2YjNrg25akrNBVhDo3kyHZk6KwBB_axftOa7Ge4S89HuawnDim4RN1hofgBnncOZ8vnlZN-QWtWnZeEZfPvHcgqJYvqsu8gUGr0zZtfYVYLVbAqUURj3OZLIKbqbJfd6gFDILfVbeg4s.PVDVqnfO5ryP6-566ea-ogzm_B047e2xrZGjJ8vzXM4&dib_tag=se&keywords=mens+black+genuine+leather+bag&qid=1726942215&sr=8-232,https://amzn.to/47yVvnk
B099NHBYLX,Leather Wallet for Men Genuine Cowhide Zip Around Vintage Multi Card Holder Bifold Purse with ID Window (Black),21.99,https://m.media-amazon.com/images/I/71u60zucIPS._AC_UL320_.jpg,accessories,2024-09-21 19:09:49.077187,27ba3c50-a2a1-4970-95c7-434c382c9eb5,Amazon,https://www.amazon.co.uk/Leather-Wallet-Genuine-Cowhide-Vintage/dp/B099NHBYLX/ref=sr_1_233?dib=eyJ2IjoiMSJ9.ufU7RPJYdI8cdTM1tjfucNfttHeujWzBkQ3QWjyhmbDFJLYtuJr1Yzw5iMKqbW0ZdMI4u9JJSfO8OMSsv6NBBVgcdt_D_m5ocBfsm9OH_igcxDwVXqJs_r2uNoQxPwR6mLDmOpDB9Lqdn8c_nUTwUg5d5oLCQnS2YjNrg25akrNBVhDo3kyHZk6KwBB_axftOa7Ge4S89HuawnDim4RN1hofgBnncOZ8vnlZN-QWtWnZeEZfPvHcgqJYvqsu8gUGr0zZtfYVYLVbAqUURj3OZLIKbqbJfd6gFDILfVbeg4s.PVDVqnfO5ryP6-566ea-ogzm_B047e2xrZGjJ8vzXM4&dib_tag=se&keywords=mens+black+genuine+leather+bag&qid=1726942215&sr=8-233,https://amzn.to/47A8eGp
B07Y1TGNTR,Anti-Theft Sling Chest Pack for Men Genuine Leather Crossbody Shoulder Bag Segmented Crossover Backpack Business Travel Cycling Camping Hiking One Strap Backpack Daypack Waterproof Black,41.99,https://m.media-amazon.com/images/I/61dvHGLDjaL._AC_UL320_.jpg,accessories,2024-09-21 19:09:49.077187,27ba3c50-a2a1-4970-95c7-434c382c9eb5,Amazon,https://www.amazon.co.uk/FANDARE-Anti-Theft-Crossbody-Waterproof-Segmented/dp/B07Y1TGNTR/ref=sr_1_235?dib=eyJ2IjoiMSJ9.ufU7RPJYdI8cdTM1tjfucNfttHeujWzBkQ3QWjyhmbDFJLYtuJr1Yzw5iMKqbW0ZdMI4u9JJSfO8OMSsv6NBBVgcdt_D_m5ocBfsm9OH_igcxDwVXqJs_r2uNoQxPwR6mLDmOpDB9Lqdn8c_nUTwUg5d5oLCQnS2YjNrg25akrNBVhDo3kyHZk6KwBB_axftOa7Ge4S89HuawnDim4RN1hofgBnncOZ8vnlZN-QWtWnZeEZfPvHcgqJYvqsu8gUGr0zZtfYVYLVbAqUURj3OZLIKbqbJfd6gFDILfVbeg4s.PVDVqnfO5ryP6-566ea-ogzm_B047e2xrZGjJ8vzXM4&dib_tag=se&keywords=mens+black+genuine+leather+bag&qid=1726942215&sr=8-235,https://amzn.to/3ZwL7um
B01LXRDFFB,Waxy Genuine Leather Mens Bifold Trifold Short Wallet Coin Zipper Purse Black,19.99,https://m.media-amazon.com/images/I/71WRnHsusgL._AC_UL320_.jpg,accessories,2024-09-21 19:09:49.077187,27ba3c50-a2a1-4970-95c7-434c382c9eb5,Amazon,https://www.amazon.co.uk/Contacts-Genuine-Leather-Bifold-Trifold/dp/B01LXRDFFB/ref=sr_1_236?dib=eyJ2IjoiMSJ9.ufU7RPJYdI8cdTM1tjfucNfttHeujWzBkQ3QWjyhmbDFJLYtuJr1Yzw5iMKqbW0ZdMI4u9JJSfO8OMSsv6NBBVgcdt_D_m5ocBfsm9OH_igcxDwVXqJs_r2uNoQxPwR6mLDmOpDB9Lqdn8c_nUTwUg5d5oLCQnS2YjNrg25akrNBVhDo3kyHZk6KwBB_axftOa7Ge4S89HuawnDim4RN1hofgBnncOZ8vnlZN-QWtWnZeEZfPvHcgqJYvqsu8gUGr0zZtfYVYLVbAqUURj3OZLIKbqbJfd6gFDILfVbeg4s.PVDVqnfO5ryP6-566ea-ogzm_B047e2xrZGjJ8vzXM4&dib_tag=se&keywords=mens+black+genuine+leather+bag&qid=1726942215&sr=8-236,https://amzn.to/3XSI9PR
B082KP8Y6C,Genuine Leather Briefcase Mens Convertible Briefcase for 12.9 inch Laptop Messenger Bag Shoulder Satchel Crossbody Bag Handbag Durable Sack for Travel Business Working Daily Black,47.99,https://m.media-amazon.com/images/I/711RzRpQBSL._AC_UL320_.jpg,accessories,2024-09-21 19:09:49.077187,27ba3c50-a2a1-4970-95c7-434c382c9eb5,Amazon,https://www.amazon.co.uk/FANDARE-Briefcase-Convertible-Messenger-Crossbody/dp/B082KP8Y6C/ref=sr_1_244?dib=eyJ2IjoiMSJ9.vDcmtKji8ZOMzWKLZkhG-FeStxdRQQKtmdGUwnk8V_olcNENgCnDbkfRK3xFgiwliNyX2FWHnw3yYCTGfBygij14MrEOMYolNYnZ67TyKYcs8Lm5ouKJqQp2YFTcY0vTxkBNYoUTrAUNBv0mNlI3rpQS4p4LEbhNQ1F6P_BHoyj2pKaLAC0HzkHTnwiSe0eID9OfCcq6HXQJNbw2lAJ3k5Ir0EIbKcy6i9fQeiHwMx9SaOvqxsmrKl-x8kKDJYi8nUu4kcA9JuhjbX8pfs1tK8QX78p1y0Hx9pA0E1GMx5o.DEEwMiTWu9HqEJrpHfkRE8TtLHUyrsblTSjTK3QomFc&dib_tag=se&keywords=mens+black+genuine+leather+bag&qid=1726942220&sr=8-244,https://amzn.to/3XTgX3a
B0C3J1RHPZ,"Camden' Leather Rucksack Vintage Casual Daypack Backpack with 13.3' Laptop Compartment Work Bag for Women and Men Genuine Leather, Colour:Black",104.90,https://m.media-amazon.com/images/I/81Bcw53kanL._AC_UL320_.jpg,accessories,2024-09-21 19:09:49.077187,27ba3c50-a2a1-4970-95c7-434c382c9eb5,Amazon,https://www.amazon.co.uk/STILORD-Leather-Rucksack-Backpack-Compartment/dp/B0C3J1RHPZ/ref=sr_1_246?dib=eyJ2IjoiMSJ9.vDcmtKji8ZOMzWKLZkhG-FeStxdRQQKtmdGUwnk8V_olcNENgCnDbkfRK3xFgiwliNyX2FWHnw3yYCTGfBygij14MrEOMYolNYnZ67TyKYcs8Lm5ouKJqQp2YFTcY0vTxkBNYoUTrAUNBv0mNlI3rpQS4p4LEbhNQ1F6P_BHoyj2pKaLAC0HzkHTnwiSe0eID9OfCcq6HXQJNbw2lAJ3k5Ir0EIbKcy6i9fQeiHwMx9SaOvqxsmrKl-x8kKDJYi8nUu4kcA9JuhjbX8pfs1tK8QX78p1y0Hx9pA0E1GMx5o.DEEwMiTWu9HqEJrpHfkRE8TtLHUyrsblTSjTK3QomFc&dib_tag=se&keywords=mens+black+genuine+leather+bag&qid=1726942220&sr=8-246,https://amzn.to/3XPPH5P
B07TJJFTWR,"Stella' Vintage Handbag Leather Small Women Cross-Body Purse Ladies Shoulder Bag Tote Satchel Top Zip for iPad Genuine Leather, Colour:Black",59.90,https://m.media-amazon.com/images/I/81XrvKtt2YL._AC_UL320_.jpg,accessories,2024-09-21 19:09:49.077187,27ba3c50-a2a1-4970-95c7-434c382c9eb5,Amazon,https://www.amazon.co.uk/STILORD-Vintage-Handbag-Cross-Body-Shoulder/dp/B07TJJFTWR/ref=sr_1_250?dib=eyJ2IjoiMSJ9.vDcmtKji8ZOMzWKLZkhG-FeStxdRQQKtmdGUwnk8V_olcNENgCnDbkfRK3xFgiwliNyX2FWHnw3yYCTGfBygij14MrEOMYolNYnZ67TyKYcs8Lm5ouKJqQp2YFTcY0vTxkBNYoUTrAUNBv0mNlI3rpQS4p4LEbhNQ1F6P_BHoyj2pKaLAC0HzkHTnwiSe0eID9OfCcq6HXQJNbw2lAJ3k5Ir0EIbKcy6i9fQeiHwMx9SaOvqxsmrKl-x8kKDJYi8nUu4kcA9JuhjbX8pfs1tK8QX78p1y0Hx9pA0E1GMx5o.DEEwMiTWu9HqEJrpHfkRE8TtLHUyrsblTSjTK3QomFc&dib_tag=se&keywords=mens+black+genuine+leather+bag&qid=1726942220&sr=8-250,https://amzn.to/3XPUfJu
B07HQX75ZV,Zurich I Large Leather Wallet for Men with RFID Protection I Classic Genuine Leather Design I Bifold Purse with Coin Pocket I Black Brown Vintage,22.99,https://m.media-amazon.com/images/I/71MkswKKlSL._AC_UL320_.jpg,accessories,2024-09-21 19:09:49.077187,27ba3c50-a2a1-4970-95c7-434c382c9eb5,Amazon,https://www.amazon.co.uk/DONBOLSO%C2%AE-Wallet-Z%C3%BCrich-Leather-Mens/dp/B07HQX75ZV/ref=sr_1_252?dib=eyJ2IjoiMSJ9.vDcmtKji8ZOMzWKLZkhG-FeStxdRQQKtmdGUwnk8V_olcNENgCnDbkfRK3xFgiwliNyX2FWHnw3yYCTGfBygij14MrEOMYolNYnZ67TyKYcs8Lm5ouKJqQp2YFTcY0vTxkBNYoUTrAUNBv0mNlI3rpQS4p4LEbhNQ1F6P_BHoyj2pKaLAC0HzkHTnwiSe0eID9OfCcq6HXQJNbw2lAJ3k5Ir0EIbKcy6i9fQeiHwMx9SaOvqxsmrKl-x8kKDJYi8nUu4kcA9JuhjbX8pfs1tK8QX78p1y0Hx9pA0E1GMx5o.DEEwMiTWu9HqEJrpHfkRE8TtLHUyrsblTSjTK3QomFc&dib_tag=se&keywords=mens+black+genuine+leather+bag&qid=1726942220&sr=8-252,https://amzn.to/4etGXaY
B07GP64HZ6,"Men's Small Shoulder Bag, Genuine Leather Bag, Retro lightweight Cross Body Everyday Satchel Bag for Business Casual Sport Hiking Travel, Black, 2T, Vintage",33.07,https://m.media-amazon.com/images/I/71JeXHLpDfL._AC_UL320_.jpg,accessories,2024-09-21 19:09:49.077187,27ba3c50-a2a1-4970-95c7-434c382c9eb5,Amazon,https://www.amazon.co.uk/BULLCAPTAIN-Shoulder-Lightweight-Everyday-Business/dp/B07GP64HZ6/ref=sr_1_253?dib=eyJ2IjoiMSJ9.vDcmtKji8ZOMzWKLZkhG-FeStxdRQQKtmdGUwnk8V_olcNENgCnDbkfRK3xFgiwliNyX2FWHnw3yYCTGfBygij14MrEOMYolNYnZ67TyKYcs8Lm5ouKJqQp2YFTcY0vTxkBNYoUTrAUNBv0mNlI3rpQS4p4LEbhNQ1F6P_BHoyj2pKaLAC0HzkHTnwiSe0eID9OfCcq6HXQJNbw2lAJ3k5Ir0EIbKcy6i9fQeiHwMx9SaOvqxsmrKl-x8kKDJYi8nUu4kcA9JuhjbX8pfs1tK8QX78p1y0Hx9pA0E1GMx5o.DEEwMiTWu9HqEJrpHfkRE8TtLHUyrsblTSjTK3QomFc&dib_tag=se&keywords=mens+black+genuine+leather+bag&qid=1726942220&sr=8-253,https://amzn.to/4exq5QQ
B0BYSCFQ76,"Handbag Ladies Handbag Imitation Pu Leather Shoulder Bag Shopping Travel Bag Large Capacity Genuine Leather Women'S Bag-Black,35X13X28Cm",28.88,https://m.media-amazon.com/images/I/41NpnUDxVIL._AC_UL320_.jpg,accessories,2024-09-21 19:09:49.077187,27ba3c50-a2a1-4970-95c7-434c382c9eb5,Amazon,https://www.amazon.co.uk/HIHELO-Imitation-Shoulder-Bag-Black-35X13X28Cm/dp/B0BYSCFQ76/ref=sr_1_255?dib=eyJ2IjoiMSJ9.vDcmtKji8ZOMzWKLZkhG-FeStxdRQQKtmdGUwnk8V_olcNENgCnDbkfRK3xFgiwliNyX2FWHnw3yYCTGfBygij14MrEOMYolNYnZ67TyKYcs8Lm5ouKJqQp2YFTcY0vTxkBNYoUTrAUNBv0mNlI3rpQS4p4LEbhNQ1F6P_BHoyj2pKaLAC0HzkHTnwiSe0eID9OfCcq6HXQJNbw2lAJ3k5Ir0EIbKcy6i9fQeiHwMx9SaOvqxsmrKl-x8kKDJYi8nUu4kcA9JuhjbX8pfs1tK8QX78p1y0Hx9pA0E1GMx5o.DEEwMiTWu9HqEJrpHfkRE8TtLHUyrsblTSjTK3QomFc&dib_tag=se&keywords=mens+black+genuine+leather+bag&qid=1726942220&sr=8-255,https://amzn.to/3XSDTQq
B076FDZVFR,Designer Wallets Mens | RFID Blocking Slim Leather Wallet for Men| Top Grain Genuine Leather | Gents Wallet Purse with Gift Box #M60 (Black/Tan),24.99,https://m.media-amazon.com/images/I/61Lo7dwkwcL._AC_UL320_.jpg,accessories,2024-09-21 19:09:49.077187,27ba3c50-a2a1-4970-95c7-434c382c9eb5,Amazon,https://www.amazon.co.uk/MORUCHA-Genuine-BLOCKING-Capacity-Designed/dp/B076FDZVFR/ref=sr_1_256?dib=eyJ2IjoiMSJ9.vDcmtKji8ZOMzWKLZkhG-FeStxdRQQKtmdGUwnk8V_olcNENgCnDbkfRK3xFgiwliNyX2FWHnw3yYCTGfBygij14MrEOMYolNYnZ67TyKYcs8Lm5ouKJqQp2YFTcY0vTxkBNYoUTrAUNBv0mNlI3rpQS4p4LEbhNQ1F6P_BHoyj2pKaLAC0HzkHTnwiSe0eID9OfCcq6HXQJNbw2lAJ3k5Ir0EIbKcy6i9fQeiHwMx9SaOvqxsmrKl-x8kKDJYi8nUu4kcA9JuhjbX8pfs1tK8QX78p1y0Hx9pA0E1GMx5o.DEEwMiTWu9HqEJrpHfkRE8TtLHUyrsblTSjTK3QomFc&dib_tag=se&keywords=mens+black+genuine+leather+bag&qid=1726942220&sr=8-256,https://amzn.to/3XVf9XO
B09JGTJWKW,"Brooks' Leather Belt Purse Chest Pouch for Phone Crossbody Bag Leather Phone Bag Sling Bag Travel Bumbag Genuine Vintage Leather, Colour:Black",44.90,https://m.media-amazon.com/images/I/81656-HaClL._AC_UL320_.jpg,accessories,2024-09-21 19:09:49.077187,27ba3c50-a2a1-4970-95c7-434c382c9eb5,Amazon,https://www.amazon.co.uk/STILORD-Leather-Crossbody-Genuine-Vintage/dp/B09JGTJWKW/ref=sr_1_261?dib=eyJ2IjoiMSJ9.vDcmtKji8ZOMzWKLZkhG-FeStxdRQQKtmdGUwnk8V_olcNENgCnDbkfRK3xFgiwliNyX2FWHnw3yYCTGfBygij14MrEOMYolNYnZ67TyKYcs8Lm5ouKJqQp2YFTcY0vTxkBNYoUTrAUNBv0mNlI3rpQS4p4LEbhNQ1F6P_BHoyj2pKaLAC0HzkHTnwiSe0eID9OfCcq6HXQJNbw2lAJ3k5Ir0EIbKcy6i9fQeiHwMx9SaOvqxsmrKl-x8kKDJYi8nUu4kcA9JuhjbX8pfs1tK8QX78p1y0Hx9pA0E1GMx5o.DEEwMiTWu9HqEJrpHfkRE8TtLHUyrsblTSjTK3QomFc&dib_tag=se&keywords=mens+black+genuine+leather+bag&qid=1726942220&sr=8-261,https://amzn.to/4gyxukw
B003PJICQM,"Genuine Traditional All Soft Leather Bum Bag with 6 Zips, Black",9.99,https://m.media-amazon.com/images/I/61JjCzU5DvL._AC_UL320_.jpg,accessories,2024-09-21 19:09:49.077187,27ba3c50-a2a1-4970-95c7-434c382c9eb5,Amazon,https://www.amazon.co.uk/Lorenz-Genuine-Traditional-Leather-Black/dp/B003PJICQM/ref=sr_1_262?dib=eyJ2IjoiMSJ9.vDcmtKji8ZOMzWKLZkhG-FeStxdRQQKtmdGUwnk8V_olcNENgCnDbkfRK3xFgiwliNyX2FWHnw3yYCTGfBygij14MrEOMYolNYnZ67TyKYcs8Lm5ouKJqQp2YFTcY0vTxkBNYoUTrAUNBv0mNlI3rpQS4p4LEbhNQ1F6P_BHoyj2pKaLAC0HzkHTnwiSe0eID9OfCcq6HXQJNbw2lAJ3k5Ir0EIbKcy6i9fQeiHwMx9SaOvqxsmrKl-x8kKDJYi8nUu4kcA9JuhjbX8pfs1tK8QX78p1y0Hx9pA0E1GMx5o.DEEwMiTWu9HqEJrpHfkRE8TtLHUyrsblTSjTK3QomFc&dib_tag=se&keywords=mens+black+genuine+leather+bag&qid=1726942220&sr=8-262,https://amzn.to/4gxPKKK
B078567HN9,"Genuine Leather Fanny Pack/Waist Bag/Organizer with Adjustable Belt, Multiple Pockets Waist Pack, Black-877 Large, L",23.99,https://m.media-amazon.com/images/I/61E7wUg937L._AC_UL320_.jpg,accessories,2024-09-21 19:09:49.077187,27ba3c50-a2a1-4970-95c7-434c382c9eb5,Amazon,https://www.amazon.co.uk/ZZNICK-Genuine-Organizer-Adjustable-Multiple/dp/B078567HN9/ref=sr_1_263?dib=eyJ2IjoiMSJ9.vDcmtKji8ZOMzWKLZkhG-FeStxdRQQKtmdGUwnk8V_olcNENgCnDbkfRK3xFgiwliNyX2FWHnw3yYCTGfBygij14MrEOMYolNYnZ67TyKYcs8Lm5ouKJqQp2YFTcY0vTxkBNYoUTrAUNBv0mNlI3rpQS4p4LEbhNQ1F6P_BHoyj2pKaLAC0HzkHTnwiSe0eID9OfCcq6HXQJNbw2lAJ3k5Ir0EIbKcy6i9fQeiHwMx9SaOvqxsmrKl-x8kKDJYi8nUu4kcA9JuhjbX8pfs1tK8QX78p1y0Hx9pA0E1GMx5o.DEEwMiTWu9HqEJrpHfkRE8TtLHUyrsblTSjTK3QomFc&dib_tag=se&keywords=mens+black+genuine+leather+bag&qid=1726942220&sr=8-263,https://amzn.to/4gJNRuO
B01C7OG6EU,Mens RFID Blocking Genuine Leather Bifold Wallet with A Zipped Coin Pocket and ID Window 4011 Black,16.99,https://m.media-amazon.com/images/I/716C8euupZL._AC_UL320_.jpg,accessories,2024-09-21 19:09:49.077187,27ba3c50-a2a1-4970-95c7-434c382c9eb5,Amazon,https://www.amazon.co.uk/Topsum-Blocking-Genuine-Leather-Bi-fold/dp/B01C7OG6EU/ref=sr_1_269?dib=eyJ2IjoiMSJ9.vDcmtKji8ZOMzWKLZkhG-FeStxdRQQKtmdGUwnk8V_olcNENgCnDbkfRK3xFgiwliNyX2FWHnw3yYCTGfBygij14MrEOMYolNYnZ67TyKYcs8Lm5ouKJqQp2YFTcY0vTxkBNYoUTrAUNBv0mNlI3rpQS4p4LEbhNQ1F6P_BHoyj2pKaLAC0HzkHTnwiSe0eID9OfCcq6HXQJNbw2lAJ3k5Ir0EIbKcy6i9fQeiHwMx9SaOvqxsmrKl-x8kKDJYi8nUu4kcA9JuhjbX8pfs1tK8QX78p1y0Hx9pA0E1GMx5o.DEEwMiTWu9HqEJrpHfkRE8TtLHUyrsblTSjTK3QomFc&dib_tag=se&keywords=mens+black+genuine+leather+bag&qid=1726942220&sr=8-269,https://amzn.to/47RqlYR
B0BGP21CVY,"100% Genuine Leather Men's Handbag, Small Bag with Wrist Strap, Large Capacity for Office Work Conference Travel, Black-101, L",16.99,https://m.media-amazon.com/images/I/61+qS0-a3LL._AC_UL320_.jpg,accessories,2024-09-21 19:09:49.077187,27ba3c50-a2a1-4970-95c7-434c382c9eb5,Amazon,https://www.amazon.co.uk/Leathario-Leather-Capacity-Conference-Black-101/dp/B0BGP21CVY/ref=sr_1_271?dib=eyJ2IjoiMSJ9.vDcmtKji8ZOMzWKLZkhG-FeStxdRQQKtmdGUwnk8V_olcNENgCnDbkfRK3xFgiwliNyX2FWHnw3yYCTGfBygij14MrEOMYolNYnZ67TyKYcs8Lm5ouKJqQp2YFTcY0vTxkBNYoUTrAUNBv0mNlI3rpQS4p4LEbhNQ1F6P_BHoyj2pKaLAC0HzkHTnwiSe0eID9OfCcq6HXQJNbw2lAJ3k5Ir0EIbKcy6i9fQeiHwMx9SaOvqxsmrKl-x8kKDJYi8nUu4kcA9JuhjbX8pfs1tK8QX78p1y0Hx9pA0E1GMx5o.DEEwMiTWu9HqEJrpHfkRE8TtLHUyrsblTSjTK3QomFc&dib_tag=se&keywords=mens+black+genuine+leather+bag&qid=1726942220&sr=8-271,https://amzn.to/47xE72x
B0DBQP8CBM,"Large Capacity Genuine Leather Zipper Clutch for Men, Fashion Lightweight Cowhide Envelope Bag for Outdoor, Black",43.63,https://m.media-amazon.com/images/I/51FXB2DTlCL._AC_UL320_.jpg,accessories,2024-09-21 19:09:49.077187,27ba3c50-a2a1-4970-95c7-434c382c9eb5,Amazon,https://www.amazon.co.uk/FUNSEED-Capacity-Genuine-Lightweight-Envelope/dp/B0DBQP8CBM/ref=sr_1_273?dib=eyJ2IjoiMSJ9.vDcmtKji8ZOMzWKLZkhG-FeStxdRQQKtmdGUwnk8V_olcNENgCnDbkfRK3xFgiwliNyX2FWHnw3yYCTGfBygij14MrEOMYolNYnZ67TyKYcs8Lm5ouKJqQp2YFTcY0vTxkBNYoUTrAUNBv0mNlI3rpQS4p4LEbhNQ1F6P_BHoyj2pKaLAC0HzkHTnwiSe0eID9OfCcq6HXQJNbw2lAJ3k5Ir0EIbKcy6i9fQeiHwMx9SaOvqxsmrKl-x8kKDJYi8nUu4kcA9JuhjbX8pfs1tK8QX78p1y0Hx9pA0E1GMx5o.DEEwMiTWu9HqEJrpHfkRE8TtLHUyrsblTSjTK3QomFc&dib_tag=se&keywords=mens+black+genuine+leather+bag&qid=1726942220&sr=8-273,https://amzn.to/3TyDWOH
B071SHH5X9,Men Genuine Leather Grey Travel Hip Bum Fanny Belt Waist Pack Satchel Messenger Bag Phone Pouch 6549 (6549 The Black),24.99,https://m.media-amazon.com/images/I/8113qyMCHtL._AC_UL320_.jpg,accessories,2024-09-21 19:09:49.077187,27ba3c50-a2a1-4970-95c7-434c382c9eb5,Amazon,https://www.amazon.co.uk/Leaokuu-Genuine-Leather-Messenger-6549/dp/B071SHH5X9/ref=sr_1_274?dib=eyJ2IjoiMSJ9.vDcmtKji8ZOMzWKLZkhG-FeStxdRQQKtmdGUwnk8V_olcNENgCnDbkfRK3xFgiwliNyX2FWHnw3yYCTGfBygij14MrEOMYolNYnZ67TyKYcs8Lm5ouKJqQp2YFTcY0vTxkBNYoUTrAUNBv0mNlI3rpQS4p4LEbhNQ1F6P_BHoyj2pKaLAC0HzkHTnwiSe0eID9OfCcq6HXQJNbw2lAJ3k5Ir0EIbKcy6i9fQeiHwMx9SaOvqxsmrKl-x8kKDJYi8nUu4kcA9JuhjbX8pfs1tK8QX78p1y0Hx9pA0E1GMx5o.DEEwMiTWu9HqEJrpHfkRE8TtLHUyrsblTSjTK3QomFc&dib_tag=se&keywords=mens+black+genuine+leather+bag&qid=1726942220&sr=8-274,https://amzn.to/3XCFsAm
B0B9ZSL124,"Aiden' Vintage Leather Backpack Unisex Causal Rucksack for Men and Women Daypack for 13.3 inch Laptop Work Uni Office School Genuine Leather, Colour:black",84.70,https://m.media-amazon.com/images/I/71EQlNF84lL._AC_UL320_.jpg,accessories,2024-09-21 19:09:49.077187,27ba3c50-a2a1-4970-95c7-434c382c9eb5,Amazon,https://www.amazon.co.uk/STILORD-Vintage-Leather-Backpack-Rucksack/dp/B0B9ZSL124/ref=sr_1_279?dib=eyJ2IjoiMSJ9.vDcmtKji8ZOMzWKLZkhG-FeStxdRQQKtmdGUwnk8V_olcNENgCnDbkfRK3xFgiwliNyX2FWHnw3yYCTGfBygij14MrEOMYolNYnZ67TyKYcs8Lm5ouKJqQp2YFTcY0vTxkBNYoUTrAUNBv0mNlI3rpQS4p4LEbhNQ1F6P_BHoyj2pKaLAC0HzkHTnwiSe0eID9OfCcq6HXQJNbw2lAJ3k5Ir0EIbKcy6i9fQeiHwMx9SaOvqxsmrKl-x8kKDJYi8nUu4kcA9JuhjbX8pfs1tK8QX78p1y0Hx9pA0E1GMx5o.DEEwMiTWu9HqEJrpHfkRE8TtLHUyrsblTSjTK3QomFc&dib_tag=se&keywords=mens+black+genuine+leather+bag&qid=1726942220&sr=8-279,https://amzn.to/3XCrKgO
B015KHNEM8,Black Men’s Genuine Leather Landscape format Wallet Purse Like #SQ90.,21.89,https://m.media-amazon.com/images/I/71aUrLPeuoL._AC_UL320_.jpg,accessories,2024-09-21 19:09:49.077187,27ba3c50-a2a1-4970-95c7-434c382c9eb5,Amazon,https://www.amazon.co.uk/Wallet-leather-horizontal-format-SQ90/dp/B015KHNEM8/ref=sr_1_282?dib=eyJ2IjoiMSJ9.vDcmtKji8ZOMzWKLZkhG-FeStxdRQQKtmdGUwnk8V_olcNENgCnDbkfRK3xFgiwliNyX2FWHnw3yYCTGfBygij14MrEOMYolNYnZ67TyKYcs8Lm5ouKJqQp2YFTcY0vTxkBNYoUTrAUNBv0mNlI3rpQS4p4LEbhNQ1F6P_BHoyj2pKaLAC0HzkHTnwiSe0eID9OfCcq6HXQJNbw2lAJ3k5Ir0EIbKcy6i9fQeiHwMx9SaOvqxsmrKl-x8kKDJYi8nUu4kcA9JuhjbX8pfs1tK8QX78p1y0Hx9pA0E1GMx5o.DEEwMiTWu9HqEJrpHfkRE8TtLHUyrsblTSjTK3QomFc&dib_tag=se&keywords=mens+black+genuine+leather+bag&qid=1726942220&sr=8-282,https://amzn.to/3Bc9fIV
B09CNX4JMN,Designer Men's Genuine Leather Wallet Black RFID Blocking Bifold Flip Men Wallets Card Holder Purse ID Window Coin Zipper Pocket with Gift Box (Limited Edition Black),24.95,https://m.media-amazon.com/images/I/511sZfWeSeL._AC_UL320_.jpg,accessories,2024-09-21 19:09:49.077187,27ba3c50-a2a1-4970-95c7-434c382c9eb5,Amazon,https://www.amazon.co.uk/Designer-Genuine-Leather-Blocking-Wallets/dp/B09CNX4JMN/ref=sr_1_284?dib=eyJ2IjoiMSJ9.vDcmtKji8ZOMzWKLZkhG-FeStxdRQQKtmdGUwnk8V_olcNENgCnDbkfRK3xFgiwliNyX2FWHnw3yYCTGfBygij14MrEOMYolNYnZ67TyKYcs8Lm5ouKJqQp2YFTcY0vTxkBNYoUTrAUNBv0mNlI3rpQS4p4LEbhNQ1F6P_BHoyj2pKaLAC0HzkHTnwiSe0eID9OfCcq6HXQJNbw2lAJ3k5Ir0EIbKcy6i9fQeiHwMx9SaOvqxsmrKl-x8kKDJYi8nUu4kcA9JuhjbX8pfs1tK8QX78p1y0Hx9pA0E1GMx5o.DEEwMiTWu9HqEJrpHfkRE8TtLHUyrsblTSjTK3QomFc&dib_tag=se&keywords=mens+black+genuine+leather+bag&qid=1726942220&sr=8-284,https://amzn.to/3Xxcxh7
B0C787RM9B,Black Leather Luggage Travel Bag - Leather Duffel Bag - Spacious Carry On Bag with Shoulder Strap - Genuine Leather Garment Weekender & Gym Bag - Handmade Full Grain Bag Made in Italy,261.00,https://m.media-amazon.com/images/I/714fG-1jv6L._AC_UL320_.jpg,accessories,2024-09-21 19:09:49.077187,27ba3c50-a2a1-4970-95c7-434c382c9eb5,Amazon,https://www.amazon.co.uk/Time-Resistance-Leather-Luggage-Travel/dp/B0C787RM9B/ref=sr_1_295?dib=eyJ2IjoiMSJ9.tsx6pIR5nHuZBw5YOaRn6SNDhRqpGYVLKzcE0Yiw2RrGX1fyhVyDbqwxmxjdeo0o2vLEw8Tn_QBwFGiMt449Dh_cBIT49IMe4qcS3-8lxhXuUa_mMaHR1ZOZkegAMYFWH1CLgC41x3t3j_IqRQzmRIBXEpaKkjIAdLDDKS1aKpwRCXS0RdgxxyjzCOIwtbz5RvM6BVdN_3d0qpJMxHRS_BLm_e00MO25uZsYch2FMnUPaKguF4GuqunvnfQiEvwGEh7Fr2rPFEooUKxRTYs2vQ.TA1GDrAGKG5qEKO0ti_tgFV6EuwWZQVRO2kxNZdYvoM&dib_tag=se&keywords=mens+black+genuine+leather+bag&qid=1726942227&sr=8-295,https://amzn.to/3XCrOgy
B09LFPQKJK,Genuine Leather Bifold Wallet for Men - Slim Design - Front Pocket Purse - RFID (Black Grainy),9.98,https://m.media-amazon.com/images/I/81KwP5MjX-L._AC_UL320_.jpg,accessories,2024-09-21 19:09:49.077187,27ba3c50-a2a1-4970-95c7-434c382c9eb5,Amazon,https://www.amazon.co.uk/Genuine-Leather-Bifold-Wallet-Men/dp/B09LFPQKJK/ref=sr_1_299?dib=eyJ2IjoiMSJ9.tsx6pIR5nHuZBw5YOaRn6SNDhRqpGYVLKzcE0Yiw2RrGX1fyhVyDbqwxmxjdeo0o2vLEw8Tn_QBwFGiMt449Dh_cBIT49IMe4qcS3-8lxhXuUa_mMaHR1ZOZkegAMYFWH1CLgC41x3t3j_IqRQzmRIBXEpaKkjIAdLDDKS1aKpwRCXS0RdgxxyjzCOIwtbz5RvM6BVdN_3d0qpJMxHRS_BLm_e00MO25uZsYch2FMnUPaKguF4GuqunvnfQiEvwGEh7Fr2rPFEooUKxRTYs2vQ.TA1GDrAGKG5qEKO0ti_tgFV6EuwWZQVRO2kxNZdYvoM&dib_tag=se&keywords=mens+black+genuine+leather+bag&qid=1726942227&sr=8-299,https://amzn.to/3TEVvMZ
B09QMB22R9,"Nelly' Crossbody Phone Bag for Women Leather Shoulder Bag Small Case for Smartphone and Purse Cross-Over Bag XS Genuine Vintage Leather, Colour:Black",52.90,https://m.media-amazon.com/images/I/71Nw8bSDMoL._AC_UL320_.jpg,accessories,2024-09-21 19:09:49.077187,27ba3c50-a2a1-4970-95c7-434c382c9eb5,Amazon,https://www.amazon.co.uk/STILORD-Crossbody-Shoulder-Smartphone-Cross-Over/dp/B09QMB22R9/ref=sr_1_300?dib=eyJ2IjoiMSJ9.tsx6pIR5nHuZBw5YOaRn6SNDhRqpGYVLKzcE0Yiw2RrGX1fyhVyDbqwxmxjdeo0o2vLEw8Tn_QBwFGiMt449Dh_cBIT49IMe4qcS3-8lxhXuUa_mMaHR1ZOZkegAMYFWH1CLgC41x3t3j_IqRQzmRIBXEpaKkjIAdLDDKS1aKpwRCXS0RdgxxyjzCOIwtbz5RvM6BVdN_3d0qpJMxHRS_BLm_e00MO25uZsYch2FMnUPaKguF4GuqunvnfQiEvwGEh7Fr2rPFEooUKxRTYs2vQ.TA1GDrAGKG5qEKO0ti_tgFV6EuwWZQVRO2kxNZdYvoM&dib_tag=se&keywords=mens+black+genuine+leather+bag&qid=1726942227&sr=8-300,https://amzn.to/3zt1wp4
B007O7588Q,patch leather genuine real leather with man made trim cowhide holdall duffel bag sports gym bag black case luggage travel strong bag,61.99,https://m.media-amazon.com/images/I/71IT9M7UPBL._AC_UL320_.jpg,accessories,2024-09-21 19:09:49.077187,27ba3c50-a2a1-4970-95c7-434c382c9eb5,Amazon,https://www.amazon.co.uk/leather-genuine-cowhide-holdall-luggage/dp/B007O7588Q/ref=sr_1_303?dib=eyJ2IjoiMSJ9.tsx6pIR5nHuZBw5YOaRn6SNDhRqpGYVLKzcE0Yiw2RrGX1fyhVyDbqwxmxjdeo0o2vLEw8Tn_QBwFGiMt449Dh_cBIT49IMe4qcS3-8lxhXuUa_mMaHR1ZOZkegAMYFWH1CLgC41x3t3j_IqRQzmRIBXEpaKkjIAdLDDKS1aKpwRCXS0RdgxxyjzCOIwtbz5RvM6BVdN_3d0qpJMxHRS_BLm_e00MO25uZsYch2FMnUPaKguF4GuqunvnfQiEvwGEh7Fr2rPFEooUKxRTYs2vQ.TA1GDrAGKG5qEKO0ti_tgFV6EuwWZQVRO2kxNZdYvoM&dib_tag=se&keywords=mens+black+genuine+leather+bag&qid=1726942227&sr=8-303,https://amzn.to/3MTiJuZ
